category,brand,family_key,model,model_year,device_line,chip_family,storage_options,carrier_status,default_condition,source_sheet,base_price_usd,fair_price_from_sheet_cad,maximum_buy_price_cad,max_listing_price_to_alert_cad,condition_prices_usd,deduction_rules_usd,aliases,notes
apple_watch,apple,apple_watch_2023_series_ultra_2_49_mm__not_applicable,apple watch 2023 series ultra 2 49 mm,,,,,not_applicable,b,Apple Watch,225.00,315.00,252.00,277.20,"{""a"":250.0,""b"":225.0}","{""heavy_scratching"":{""kind"":""manual"",""reason"":""extra_deduction""},""no_charger"":{""kind"":""flat_usd"",""value"":15.0}}",2023 series ultra 2 49 mm|apple watch 2023 series ultra 2 49 mm|watch 2023 series ultra 2 49 mm,Used: ALL Natural Color
apple_watch,apple,apple_watch_2024_series_ultra_2_49_mm__not_applicable,apple watch 2024 series ultra 2 49 mm,,,,,not_applicable,b,Apple Watch,245.00,343.00,274.40,301.84,"{""a"":265.0,""b"":245.0}","{""heavy_scratching"":{""kind"":""manual"",""reason"":""extra_deduction""},""no_charger"":{""kind"":""flat_usd"",""value"":15.0}}",2024 series ultra 2 49 mm|apple watch 2024 series ultra 2 49 mm|watch 2024 series ultra 2 49 mm,Used: Black Color Only
apple_watch,apple,apple_watch_2025_series_ultra_3_49_mm__not_applicable,apple watch 2025 series ultra 3 49 mm,,,,,not_applicable,b,Apple Watch,365.00,511.00,408.80,449.68,"{""a"":385.0,""b"":365.0,""open"":540.0,""sealed"":580.0}","{""heavy_scratching"":{""kind"":""manual"",""reason"":""extra_deduction""},""no_charger"":{""kind"":""flat_usd"",""value"":15.0}}",2025 series ultra 3 49 mm|apple watch 2025 series ultra 3 49 mm|watch 2025 series ultra 3 49 mm,
apple_watch,apple,apple_watch_se_2_nd_gen_40_mm__not_applicable,apple watch se 2 nd gen 40 mm,,,,,not_applicable,b,Apple Watch,50.00,70.00,56.00,61.60,"{""a"":60.0,""b"":50.0}","{""heavy_scratching"":{""kind"":""manual"",""reason"":""extra_deduction""},""no_charger"":{""kind"":""flat_usd"",""value"":15.0}}",apple watch se 2 nd gen 40 mm|se 2 nd gen 40 mm|watch se 2 nd gen 40 mm,
apple_watch,apple,apple_watch_se_2_nd_gen_44_mm__not_applicable,apple watch se 2 nd gen 44 mm,,,,,not_applicable,b,Apple Watch,60.00,84.00,67.20,73.92,"{""a"":70.0,""b"":60.0}","{""heavy_scratching"":{""kind"":""manual"",""reason"":""extra_deduction""},""no_charger"":{""kind"":""flat_usd"",""value"":15.0}}",apple watch se 2 nd gen 44 mm|se 2 nd gen 44 mm|watch se 2 nd gen 44 mm,
apple_watch,apple,apple_watch_se_3_rd_gen_40_mm__not_applicable,apple watch se 3 rd gen 40 mm,,,,,not_applicable,b,Apple Watch,110.00,154.00,123.20,135.52,"{""a"":120.0,""b"":110.0,""open"":130.0,""sealed"":150.0}","{""heavy_scratching"":{""kind"":""manual"",""reason"":""extra_deduction""},""no_charger"":{""kind"":""flat_usd"",""value"":15.0}}",apple watch se 3 rd gen 40 mm|se 3 rd gen 40 mm|watch se 3 rd gen 40 mm,
apple_watch,apple,apple_watch_se_3_rd_gen_44_mm__not_applicable,apple watch se 3 rd gen 44 mm,,,,,not_applicable,b,Apple Watch,125.00,175.00,140.00,154.00,"{""a"":135.0,""b"":125.0,""open"":150.0,""sealed"":170.0}","{""heavy_scratching"":{""kind"":""manual"",""reason"":""extra_deduction""},""no_charger"":{""kind"":""flat_usd"",""value"":15.0}}",apple watch se 3 rd gen 44 mm|se 3 rd gen 44 mm|watch se 3 rd gen 44 mm,
apple_watch,apple,apple_watch_series_10_42_mm__not_applicable,apple watch series 10 42 mm,,,,,not_applicable,b,Apple Watch,120.00,168.00,134.40,147.84,"{""a"":130.0,""b"":120.0}","{""heavy_scratching"":{""kind"":""manual"",""reason"":""extra_deduction""},""no_charger"":{""kind"":""flat_usd"",""value"":15.0}}",apple watch series 10 42 mm|series 10 42 mm|watch series 10 42 mm,
apple_watch,apple,apple_watch_series_10_46_mm__not_applicable,apple watch series 10 46 mm,,,,,not_applicable,b,Apple Watch,130.00,182.00,145.60,160.16,"{""a"":140.0,""b"":130.0}","{""heavy_scratching"":{""kind"":""manual"",""reason"":""extra_deduction""},""no_charger"":{""kind"":""flat_usd"",""value"":15.0}}",apple watch series 10 46 mm|series 10 46 mm|watch series 10 46 mm,
apple_watch,apple,apple_watch_series_11_42_mm__not_applicable,apple watch series 11 42 mm,,,,,not_applicable,b,Apple Watch,150.00,210.00,168.00,184.80,"{""a"":170.0,""b"":150.0,""open"":220.0,""sealed"":250.0}","{""heavy_scratching"":{""kind"":""manual"",""reason"":""extra_deduction""},""no_charger"":{""kind"":""flat_usd"",""value"":15.0}}",apple watch series 11 42 mm|series 11 42 mm|watch series 11 42 mm,
apple_watch,apple,apple_watch_series_11_46_mm__not_applicable,apple watch series 11 46 mm,,,,,not_applicable,b,Apple Watch,170.00,238.00,190.40,209.44,"{""a"":190.0,""b"":170.0,""open"":240.0,""sealed"":270.0}","{""heavy_scratching"":{""kind"":""manual"",""reason"":""extra_deduction""},""no_charger"":{""kind"":""flat_usd"",""value"":15.0}}",apple watch series 11 46 mm|series 11 46 mm|watch series 11 46 mm,
apple_watch,apple,apple_watch_series_6_40_mm__not_applicable,apple watch series 6 40 mm,,,,,not_applicable,b,Apple Watch,50.00,70.00,56.00,61.60,"{""a"":60.0,""b"":50.0}","{""heavy_scratching"":{""kind"":""manual"",""reason"":""extra_deduction""},""no_charger"":{""kind"":""flat_usd"",""value"":15.0}}",apple watch series 6 40 mm|series 6 40 mm|watch series 6 40 mm,
apple_watch,apple,apple_watch_series_6_44_mm__not_applicable,apple watch series 6 44 mm,,,,,not_applicable,b,Apple Watch,60.00,84.00,67.20,73.92,"{""a"":70.0,""b"":60.0}","{""heavy_scratching"":{""kind"":""manual"",""reason"":""extra_deduction""},""no_charger"":{""kind"":""flat_usd"",""value"":15.0}}",apple watch series 6 44 mm|series 6 44 mm|watch series 6 44 mm,
apple_watch,apple,apple_watch_series_7_41_mm__not_applicable,apple watch series 7 41 mm,,,,,not_applicable,b,Apple Watch,60.00,84.00,67.20,73.92,"{""a"":70.0,""b"":60.0}","{""heavy_scratching"":{""kind"":""manual"",""reason"":""extra_deduction""},""no_charger"":{""kind"":""flat_usd"",""value"":15.0}}",apple watch series 7 41 mm|series 7 41 mm|watch series 7 41 mm,
apple_watch,apple,apple_watch_series_7_45_mm__not_applicable,apple watch series 7 45 mm,,,,,not_applicable,b,Apple Watch,70.00,98.00,78.40,86.24,"{""a"":80.0,""b"":70.0}","{""heavy_scratching"":{""kind"":""manual"",""reason"":""extra_deduction""},""no_charger"":{""kind"":""flat_usd"",""value"":15.0}}",apple watch series 7 45 mm|series 7 45 mm|watch series 7 45 mm,
apple_watch,apple,apple_watch_series_8_41_mm__not_applicable,apple watch series 8 41 mm,,,,,not_applicable,b,Apple Watch,80.00,112.00,89.60,98.56,"{""a"":90.0,""b"":80.0}","{""heavy_scratching"":{""kind"":""manual"",""reason"":""extra_deduction""},""no_charger"":{""kind"":""flat_usd"",""value"":15.0}}",apple watch series 8 41 mm|series 8 41 mm|watch series 8 41 mm,
apple_watch,apple,apple_watch_series_8_45_mm__not_applicable,apple watch series 8 45 mm,,,,,not_applicable,b,Apple Watch,90.00,126.00,100.80,110.88,"{""a"":100.0,""b"":90.0}","{""heavy_scratching"":{""kind"":""manual"",""reason"":""extra_deduction""},""no_charger"":{""kind"":""flat_usd"",""value"":15.0}}",apple watch series 8 45 mm|series 8 45 mm|watch series 8 45 mm,
apple_watch,apple,apple_watch_series_9_41_mm__not_applicable,apple watch series 9 41 mm,,,,,not_applicable,b,Apple Watch,90.00,126.00,100.80,110.88,"{""a"":100.0,""b"":90.0}","{""heavy_scratching"":{""kind"":""manual"",""reason"":""extra_deduction""},""no_charger"":{""kind"":""flat_usd"",""value"":15.0}}",apple watch series 9 41 mm|series 9 41 mm|watch series 9 41 mm,
apple_watch,apple,apple_watch_series_9_45_mm__not_applicable,apple watch series 9 45 mm,,,,,not_applicable,b,Apple Watch,105.00,147.00,117.60,129.36,"{""a"":115.0,""b"":105.0}","{""heavy_scratching"":{""kind"":""manual"",""reason"":""extra_deduction""},""no_charger"":{""kind"":""flat_usd"",""value"":15.0}}",apple watch series 9 45 mm|series 9 45 mm|watch series 9 45 mm,
apple_watch,apple,apple_watch_series_ultra_49_mm__not_applicable,apple watch series ultra 49 mm,,,,,not_applicable,b,Apple Watch,185.00,259.00,207.20,227.92,"{""a"":200.0,""b"":185.0}","{""heavy_scratching"":{""kind"":""manual"",""reason"":""extra_deduction""},""no_charger"":{""kind"":""flat_usd"",""value"":15.0}}",apple watch series ultra 49 mm|series ultra 49 mm|watch series ultra 49 mm,
ipad,apple,ipad_10__not_applicable,ipad 10,,,,64gb,not_applicable,b,iPad Master,138.00,193.20,154.56,170.02,"{""a"":158.0,""b"":138.0,""c"":68.0,""d"":48.0}","{""engraved"":{""kind"":""manual"",""reason"":""ask""}}",ipad 10|ipad 10 64 gb,Used pricing. Engravings require manual review.
ipad,apple,ipad_10__not_applicable,ipad 10,,,,256gb,not_applicable,b,iPad Master,178.00,249.20,199.36,219.30,"{""a"":198.0,""b"":178.0,""c"":108.0,""d"":58.0}","{""engraved"":{""kind"":""manual"",""reason"":""ask""}}",ipad 10|ipad 10 256 gb,Used pricing. Engravings require manual review.
ipad,apple,ipad_11_a_16__not_applicable,ipad 11 a 16,,,,128gb,not_applicable,b,iPad Master,208.00,291.20,232.96,256.26,"{""a"":218.0,""b"":208.0,""c"":128.0,""d"":76.0}","{""engraved"":{""kind"":""manual"",""reason"":""ask""}}",11 a 16|ipad 11 a 16|ipad 11 a 16 128 gb,Used pricing. Engravings require manual review.
ipad,apple,ipad_11_a_16__not_applicable,ipad 11 a 16,,,,256gb,not_applicable,b,iPad Master,238.00,333.20,266.56,293.22,"{""a"":258.0,""b"":238.0,""c"":158.0,""d"":90.0}","{""engraved"":{""kind"":""manual"",""reason"":""ask""}}",11 a 16|ipad 11 a 16|ipad 11 a 16 256 gb,Used pricing. Engravings require manual review.
ipad,apple,ipad_11_a_16__not_applicable,ipad 11 a 16,,,,512gb,not_applicable,b,iPad Master,278.00,389.20,311.36,342.50,"{""a"":298.0,""b"":278.0,""c"":188.0,""d"":100.0}","{""engraved"":{""kind"":""manual"",""reason"":""ask""}}",11 a 16|ipad 11 a 16|ipad 11 a 16 512 gb,Used pricing. Engravings require manual review.
ipad,apple,ipad_5__not_applicable,ipad 5,,,,32gb,not_applicable,b,iPad Master,10.00,14.00,11.20,12.32,"{""a"":15.0,""b"":10.0}","{""engraved"":{""kind"":""manual"",""reason"":""ask""}}",ipad 5|ipad 5 32 gb,Used pricing. Engravings require manual review.
ipad,apple,ipad_5__not_applicable,ipad 5,,,,128gb,not_applicable,b,iPad Master,20.00,28.00,22.40,24.64,"{""a"":25.0,""b"":20.0}","{""engraved"":{""kind"":""manual"",""reason"":""ask""}}",ipad 5|ipad 5 128 gb,Used pricing. Engravings require manual review.
ipad,apple,ipad_6__not_applicable,ipad 6,,,,32gb,not_applicable,b,iPad Master,20.00,28.00,22.40,24.64,"{""a"":25.0,""b"":20.0,""c"":5.0}","{""engraved"":{""kind"":""manual"",""reason"":""ask""}}",ipad 6|ipad 6 32 gb,Used pricing. Engravings require manual review.
ipad,apple,ipad_6__not_applicable,ipad 6,,,,128gb,not_applicable,b,iPad Master,30.00,42.00,33.60,36.96,"{""a"":35.0,""b"":30.0,""c"":10.0}","{""engraved"":{""kind"":""manual"",""reason"":""ask""}}",ipad 6|ipad 6 128 gb,Used pricing. Engravings require manual review.
ipad,apple,ipad_7__not_applicable,ipad 7,,,,32gb,not_applicable,b,iPad Master,20.00,28.00,22.40,24.64,"{""a"":30.0,""b"":20.0,""c"":5.0}","{""engraved"":{""kind"":""manual"",""reason"":""ask""}}",ipad 7|ipad 7 32 gb,Used pricing. Engravings require manual review.
ipad,apple,ipad_7__not_applicable,ipad 7,,,,128gb,not_applicable,b,iPad Master,35.00,49.00,39.20,43.12,"{""a"":45.0,""b"":35.0,""c"":10.0}","{""engraved"":{""kind"":""manual"",""reason"":""ask""}}",ipad 7|ipad 7 128 gb,Used pricing. Engravings require manual review.
ipad,apple,ipad_8__not_applicable,ipad 8,,,,32gb,not_applicable,b,iPad Master,35.00,49.00,39.20,43.12,"{""a"":45.0,""b"":35.0,""c"":15.0}","{""engraved"":{""kind"":""manual"",""reason"":""ask""}}",ipad 8|ipad 8 32 gb,Used pricing. Engravings require manual review.
ipad,apple,ipad_8__not_applicable,ipad 8,,,,128gb,not_applicable,b,iPad Master,55.00,77.00,61.60,67.76,"{""a"":65.0,""b"":55.0,""c"":25.0}","{""engraved"":{""kind"":""manual"",""reason"":""ask""}}",ipad 8|ipad 8 128 gb,Used pricing. Engravings require manual review.
ipad,apple,ipad_9__not_applicable,ipad 9,,,,64gb,not_applicable,b,iPad Master,60.00,84.00,67.20,73.92,"{""a"":80.0,""b"":60.0,""c"":40.0,""d"":10.0}","{""engraved"":{""kind"":""manual"",""reason"":""ask""}}",ipad 9|ipad 9 64 gb,Used pricing. Engravings require manual review.
ipad,apple,ipad_9__not_applicable,ipad 9,,,,256gb,not_applicable,b,iPad Master,90.00,126.00,100.80,110.88,"{""a"":110.0,""b"":90.0,""c"":70.0,""d"":40.0}","{""engraved"":{""kind"":""manual"",""reason"":""ask""}}",ipad 9|ipad 9 256 gb,Used pricing. Engravings require manual review.
ipad,apple,ipad_air_11_inch_m_2__not_applicable,ipad air 11 inch m 2,,,,128gb,not_applicable,b,iPad Master,256.00,358.40,286.72,315.39,"{""a"":276.0,""b"":256.0,""c"":166.0,""d"":80.0}","{""engraved"":{""kind"":""manual"",""reason"":""ask""}}",air 11 inch m 2|ipad air 11 inch m 2|ipad air 11 inch m 2 128 gb,Used pricing. Engravings require manual review.
ipad,apple,ipad_air_11_inch_m_2__not_applicable,ipad air 11 inch m 2,,,,256gb,not_applicable,b,iPad Master,286.00,400.40,320.32,352.35,"{""a"":306.0,""b"":286.0,""c"":196.0,""d"":100.0}","{""engraved"":{""kind"":""manual"",""reason"":""ask""}}",air 11 inch m 2|ipad air 11 inch m 2|ipad air 11 inch m 2 256 gb,Used pricing. Engravings require manual review.
ipad,apple,ipad_air_11_inch_m_2__not_applicable,ipad air 11 inch m 2,,,,512gb,not_applicable,b,iPad Master,311.00,435.40,348.32,383.15,"{""a"":331.0,""b"":311.0,""c"":221.0,""d"":105.0}","{""engraved"":{""kind"":""manual"",""reason"":""ask""}}",air 11 inch m 2|ipad air 11 inch m 2|ipad air 11 inch m 2 512 gb,Used pricing. Engravings require manual review.
ipad,apple,ipad_air_11_inch_m_2__not_applicable,ipad air 11 inch m 2,,,,1tb,not_applicable,b,iPad Master,346.00,484.40,387.52,426.27,"{""a"":366.0,""b"":346.0,""c"":256.0,""d"":110.0}","{""engraved"":{""kind"":""manual"",""reason"":""ask""}}",air 11 inch m 2|ipad air 11 inch m 2|ipad air 11 inch m 2 1 tb,Used pricing. Engravings require manual review.
ipad,apple,ipad_air_11_inch_m_3__not_applicable,ipad air 11 inch m 3,,,,128gb,not_applicable,b,iPad Master,310.00,434.00,347.20,381.92,"{""a"":340.0,""b"":310.0,""c"":200.0,""d"":90.0}","{""engraved"":{""kind"":""manual"",""reason"":""ask""}}",air 11 inch m 3|ipad air 11 inch m 3|ipad air 11 inch m 3 128 gb,Used pricing. Engravings require manual review.
ipad,apple,ipad_air_11_inch_m_3__not_applicable,ipad air 11 inch m 3,,,,256gb,not_applicable,b,iPad Master,330.00,462.00,369.60,406.56,"{""a"":370.0,""b"":330.0,""c"":230.0,""d"":110.0}","{""engraved"":{""kind"":""manual"",""reason"":""ask""}}",air 11 inch m 3|ipad air 11 inch m 3|ipad air 11 inch m 3 256 gb,Used pricing. Engravings require manual review.
ipad,apple,ipad_air_11_inch_m_3__not_applicable,ipad air 11 inch m 3,,,,512gb,not_applicable,b,iPad Master,350.00,490.00,392.00,431.20,"{""a"":390.0,""b"":350.0,""c"":250.0,""d"":110.0}","{""engraved"":{""kind"":""manual"",""reason"":""ask""}}",air 11 inch m 3|ipad air 11 inch m 3|ipad air 11 inch m 3 512 gb,Used pricing. Engravings require manual review.
ipad,apple,ipad_air_11_inch_m_3__not_applicable,ipad air 11 inch m 3,,,,1tb,not_applicable,b,iPad Master,380.00,532.00,425.60,468.16,"{""a"":420.0,""b"":380.0,""c"":280.0,""d"":130.0}","{""engraved"":{""kind"":""manual"",""reason"":""ask""}}",air 11 inch m 3|ipad air 11 inch m 3|ipad air 11 inch m 3 1 tb,Used pricing. Engravings require manual review.
ipad,apple,ipad_air_13_inch_m_2__not_applicable,ipad air 13 inch m 2,,,,128gb,not_applicable,b,iPad Master,294.00,411.60,329.28,362.21,"{""a"":324.0,""b"":294.0,""c"":184.0,""d"":90.0}","{""engraved"":{""kind"":""manual"",""reason"":""ask""}}",air 13 inch m 2|ipad air 13 inch m 2|ipad air 13 inch m 2 128 gb,Used pricing. Engravings require manual review.
ipad,apple,ipad_air_13_inch_m_3__not_applicable,ipad air 13 inch m 3,,,,128gb,not_applicable,b,iPad Master,354.00,495.60,396.48,436.13,"{""a"":384.0,""b"":354.0,""c"":254.0,""d"":110.0}","{""engraved"":{""kind"":""manual"",""reason"":""ask""}}",air 13 inch m 3|ipad air 13 inch m 3|ipad air 13 inch m 3 128 gb,Used pricing. Engravings require manual review.
ipad,apple,ipad_air_13_inch_m_3__not_applicable,ipad air 13 inch m 3,,,,256gb,not_applicable,b,iPad Master,394.00,551.60,441.28,485.41,"{""a"":424.0,""b"":394.0,""c"":284.0,""d"":120.0}","{""engraved"":{""kind"":""manual"",""reason"":""ask""}}",air 13 inch m 3|ipad air 13 inch m 3|ipad air 13 inch m 3 256 gb,Used pricing. Engravings require manual review.
ipad,apple,ipad_air_13_inch_m_3__not_applicable,ipad air 13 inch m 3,,,,512gb,not_applicable,b,iPad Master,424.00,593.60,474.88,522.37,"{""a"":454.0,""b"":424.0,""c"":304.0,""d"":120.0}","{""engraved"":{""kind"":""manual"",""reason"":""ask""}}",air 13 inch m 3|ipad air 13 inch m 3|ipad air 13 inch m 3 512 gb,Used pricing. Engravings require manual review.
ipad,apple,ipad_air_13_inch_m_3__not_applicable,ipad air 13 inch m 3,,,,1tb,not_applicable,b,iPad Master,474.00,663.60,530.88,583.97,"{""a"":504.0,""b"":474.0,""c"":334.0,""d"":130.0}","{""engraved"":{""kind"":""manual"",""reason"":""ask""}}",air 13 inch m 3|ipad air 13 inch m 3|ipad air 13 inch m 3 1 tb,Used pricing. Engravings require manual review.
ipad,apple,ipad_air_2024_13_inch_m_2__not_applicable,ipad air 2024 13 inch m 2,,,,256gb,not_applicable,b,iPad Master,324.00,453.60,362.88,399.17,"{""a"":354.0,""b"":324.0,""c"":214.0,""d"":110.0}","{""engraved"":{""kind"":""manual"",""reason"":""ask""}}",air 2024 13 inch m 2|ipad air 2024 13 inch m 2|ipad air 2024 13 inch m 2 256 gb,Used pricing. Engravings require manual review.
ipad,apple,ipad_air_2024_13_inch_m_2__not_applicable,ipad air 2024 13 inch m 2,,,,512gb,not_applicable,b,iPad Master,344.00,481.60,385.28,423.81,"{""a"":374.0,""b"":344.0,""c"":234.0,""d"":110.0}","{""engraved"":{""kind"":""manual"",""reason"":""ask""}}",air 2024 13 inch m 2|ipad air 2024 13 inch m 2|ipad air 2024 13 inch m 2 512 gb,Used pricing. Engravings require manual review.
ipad,apple,ipad_air_2024_13_inch_m_2__not_applicable,ipad air 2024 13 inch m 2,,,,1tb,not_applicable,b,iPad Master,384.00,537.60,430.08,473.09,"{""a"":404.0,""b"":384.0,""c"":264.0,""d"":120.0}","{""engraved"":{""kind"":""manual"",""reason"":""ask""}}",air 2024 13 inch m 2|ipad air 2024 13 inch m 2|ipad air 2024 13 inch m 2 1 tb,Used pricing. Engravings require manual review.
ipad,apple,ipad_air_3__not_applicable,ipad air 3,,,,64gb,not_applicable,b,iPad Master,20.00,28.00,22.40,24.64,"{""a"":30.0,""b"":20.0,""c"":10.0}","{""engraved"":{""kind"":""manual"",""reason"":""ask""}}",air 3|ipad air 3|ipad air 3 64 gb,Used pricing. Engravings require manual review.
ipad,apple,ipad_air_3__not_applicable,ipad air 3,,,,256gb,not_applicable,b,iPad Master,40.00,56.00,44.80,49.28,"{""a"":50.0,""b"":40.0,""c"":20.0}","{""engraved"":{""kind"":""manual"",""reason"":""ask""}}",air 3|ipad air 3|ipad air 3 256 gb,Used pricing. Engravings require manual review.
ipad,apple,ipad_air_4__not_applicable,ipad air 4,,,,64gb,not_applicable,b,iPad Master,115.00,161.00,128.80,141.68,"{""a"":125.0,""b"":115.0,""c"":75.0,""d"":25.0}","{""engraved"":{""kind"":""manual"",""reason"":""ask""}}",air 4|ipad air 4|ipad air 4 64 gb,Used pricing. Engravings require manual review.
ipad,apple,ipad_air_4__not_applicable,ipad air 4,,,,256gb,not_applicable,b,iPad Master,145.00,203.00,162.40,178.64,"{""a"":155.0,""b"":145.0,""c"":85.0,""d"":45.0}","{""engraved"":{""kind"":""manual"",""reason"":""ask""}}",air 4|ipad air 4|ipad air 4 256 gb,Used pricing. Engravings require manual review.
ipad,apple,ipad_air_5__not_applicable,ipad air 5,,,,64gb,not_applicable,b,iPad Master,160.00,224.00,179.20,197.12,"{""a"":170.0,""b"":160.0,""c"":80.0,""d"":50.0}","{""engraved"":{""kind"":""manual"",""reason"":""ask""}}",air 5|ipad air 5|ipad air 5 64 gb,Used pricing. Engravings require manual review.
ipad,apple,ipad_air_5__not_applicable,ipad air 5,,,,256gb,not_applicable,b,iPad Master,210.00,294.00,235.20,258.72,"{""a"":220.0,""b"":210.0,""c"":100.0,""d"":60.0}","{""engraved"":{""kind"":""manual"",""reason"":""ask""}}",air 5|ipad air 5|ipad air 5 256 gb,Used pricing. Engravings require manual review.
ipad,apple,ipad_pro_11_inch_1_st_gen__not_applicable,ipad pro 11 inch 1 st gen,,,,64gb,not_applicable,b,iPad Master,130.00,182.00,145.60,160.16,"{""a"":150.0,""b"":130.0,""c"":70.0,""d"":10.0}","{""engraved"":{""kind"":""manual"",""reason"":""ask""}}",ipad pro 11 inch 1 st gen|ipad pro 11 inch 1 st gen 64 gb|pro 11 inch 1 st gen,Used pricing. Engravings require manual review.
ipad,apple,ipad_pro_11_inch_1_st_gen__not_applicable,ipad pro 11 inch 1 st gen,,,,256gb,not_applicable,b,iPad Master,160.00,224.00,179.20,197.12,"{""a"":180.0,""b"":160.0,""c"":100.0,""d"":30.0}","{""engraved"":{""kind"":""manual"",""reason"":""ask""}}",ipad pro 11 inch 1 st gen|ipad pro 11 inch 1 st gen 256 gb|pro 11 inch 1 st gen,Used pricing. Engravings require manual review.
ipad,apple,ipad_pro_11_inch_1_st_gen__not_applicable,ipad pro 11 inch 1 st gen,,,,512gb,not_applicable,b,iPad Master,180.00,252.00,201.60,221.76,"{""a"":200.0,""b"":180.0,""c"":120.0,""d"":40.0}","{""engraved"":{""kind"":""manual"",""reason"":""ask""}}",ipad pro 11 inch 1 st gen|ipad pro 11 inch 1 st gen 512 gb|pro 11 inch 1 st gen,Used pricing. Engravings require manual review.
ipad,apple,ipad_pro_11_inch_1_st_gen__not_applicable,ipad pro 11 inch 1 st gen,,,,1tb,not_applicable,b,iPad Master,210.00,294.00,235.20,258.72,"{""a"":230.0,""b"":210.0,""c"":150.0,""d"":60.0}","{""engraved"":{""kind"":""manual"",""reason"":""ask""}}",ipad pro 11 inch 1 st gen|ipad pro 11 inch 1 st gen 1 tb|pro 11 inch 1 st gen,Used pricing. Engravings require manual review.
ipad,apple,ipad_pro_11_inch_2_nd_gen__not_applicable,ipad pro 11 inch 2 nd gen,,,,128gb,not_applicable,b,iPad Master,240.00,336.00,268.80,295.68,"{""a"":270.0,""b"":240.0,""c"":155.0,""d"":80.0}","{""engraved"":{""kind"":""manual"",""reason"":""ask""}}",ipad pro 11 inch 2 nd gen|ipad pro 11 inch 2 nd gen 128 gb|pro 11 inch 2 nd gen,Used pricing. Engravings require manual review.
ipad,apple,ipad_pro_11_inch_2_nd_gen__not_applicable,ipad pro 11 inch 2 nd gen,,,,256gb,not_applicable,b,iPad Master,260.00,364.00,291.20,320.32,"{""a"":290.0,""b"":260.0,""c"":175.0,""d"":90.0}","{""engraved"":{""kind"":""manual"",""reason"":""ask""}}",ipad pro 11 inch 2 nd gen|ipad pro 11 inch 2 nd gen 256 gb|pro 11 inch 2 nd gen,Used pricing. Engravings require manual review.
ipad,apple,ipad_pro_11_inch_2_nd_gen__not_applicable,ipad pro 11 inch 2 nd gen,,,,512gb,not_applicable,b,iPad Master,280.00,392.00,313.60,344.96,"{""a"":310.0,""b"":280.0,""c"":195.0,""d"":90.0}","{""engraved"":{""kind"":""manual"",""reason"":""ask""}}",ipad pro 11 inch 2 nd gen|ipad pro 11 inch 2 nd gen 512 gb|pro 11 inch 2 nd gen,Used pricing. Engravings require manual review.
ipad,apple,ipad_pro_11_inch_2_nd_gen__not_applicable,ipad pro 11 inch 2 nd gen,,,,1tb,not_applicable,b,iPad Master,320.00,448.00,358.40,394.24,"{""a"":350.0,""b"":320.0,""c"":220.0,""d"":110.0}","{""engraved"":{""kind"":""manual"",""reason"":""ask""}}",ipad pro 11 inch 2 nd gen|ipad pro 11 inch 2 nd gen 1 tb|pro 11 inch 2 nd gen,Used pricing. Engravings require manual review.
ipad,apple,ipad_pro_11_inch_3_rd_gen__not_applicable,ipad pro 11 inch 3 rd gen,,,,128gb,not_applicable,b,iPad Master,330.00,462.00,369.60,406.56,"{""a"":360.0,""b"":330.0,""c"":250.0,""d"":171.0}","{""engraved"":{""kind"":""manual"",""reason"":""ask""}}",ipad pro 11 inch 3 rd gen|ipad pro 11 inch 3 rd gen 128 gb|pro 11 inch 3 rd gen,Used pricing. Engravings require manual review.
ipad,apple,ipad_pro_11_inch_3_rd_gen__not_applicable,ipad pro 11 inch 3 rd gen,,,,256gb,not_applicable,b,iPad Master,360.00,504.00,403.20,443.52,"{""a"":386.0,""b"":360.0,""c"":280.0,""d"":191.0}","{""engraved"":{""kind"":""manual"",""reason"":""ask""}}",ipad pro 11 inch 3 rd gen|ipad pro 11 inch 3 rd gen 256 gb|pro 11 inch 3 rd gen,Used pricing. Engravings require manual review.
ipad,apple,ipad_pro_11_inch_3_rd_gen__not_applicable,ipad pro 11 inch 3 rd gen,,,,512gb,not_applicable,b,iPad Master,380.00,532.00,425.60,468.16,"{""a"":410.0,""b"":380.0,""c"":300.0,""d"":201.0}","{""engraved"":{""kind"":""manual"",""reason"":""ask""}}",ipad pro 11 inch 3 rd gen|ipad pro 11 inch 3 rd gen 512 gb|pro 11 inch 3 rd gen,Used pricing. Engravings require manual review.
ipad,apple,ipad_pro_11_inch_3_rd_gen__not_applicable,ipad pro 11 inch 3 rd gen,,,,1tb,not_applicable,b,iPad Master,415.00,581.00,464.80,511.28,"{""a"":445.0,""b"":415.0,""c"":315.0,""d"":206.0}","{""engraved"":{""kind"":""manual"",""reason"":""ask""}}",ipad pro 11 inch 3 rd gen|ipad pro 11 inch 3 rd gen 1 tb|pro 11 inch 3 rd gen,Used pricing. Engravings require manual review.
ipad,apple,ipad_pro_11_inch_3_rd_gen__not_applicable,ipad pro 11 inch 3 rd gen,,,,2tb,not_applicable,b,iPad Master,460.00,644.00,515.20,566.72,"{""a"":490.0,""b"":460.0,""c"":330.0,""d"":211.0}","{""engraved"":{""kind"":""manual"",""reason"":""ask""}}",ipad pro 11 inch 3 rd gen|ipad pro 11 inch 3 rd gen 2 tb|pro 11 inch 3 rd gen,Used pricing. Engravings require manual review.
ipad,apple,ipad_pro_11_inch_4_th_gen__not_applicable,ipad pro 11 inch 4 th gen,,,,128gb,not_applicable,b,iPad Master,400.00,560.00,448.00,492.80,"{""a"":430.0,""b"":400.0,""c"":290.0,""d"":230.0}","{""engraved"":{""kind"":""manual"",""reason"":""ask""}}",ipad pro 11 inch 4 th gen|ipad pro 11 inch 4 th gen 128 gb|pro 11 inch 4 th gen,Used pricing. Engravings require manual review.
ipad,apple,ipad_pro_11_inch_4_th_gen__not_applicable,ipad pro 11 inch 4 th gen,,,,256gb,not_applicable,b,iPad Master,440.00,616.00,492.80,542.08,"{""a"":470.0,""b"":440.0,""c"":320.0,""d"":250.0}","{""engraved"":{""kind"":""manual"",""reason"":""ask""}}",ipad pro 11 inch 4 th gen|ipad pro 11 inch 4 th gen 256 gb|pro 11 inch 4 th gen,Used pricing. Engravings require manual review.
ipad,apple,ipad_pro_11_inch_4_th_gen__not_applicable,ipad pro 11 inch 4 th gen,,,,512gb,not_applicable,b,iPad Master,480.00,672.00,537.60,591.36,"{""a"":510.0,""b"":480.0,""c"":350.0,""d"":270.0}","{""engraved"":{""kind"":""manual"",""reason"":""ask""}}",ipad pro 11 inch 4 th gen|ipad pro 11 inch 4 th gen 512 gb|pro 11 inch 4 th gen,Used pricing. Engravings require manual review.
ipad,apple,ipad_pro_11_inch_4_th_gen__not_applicable,ipad pro 11 inch 4 th gen,,,,1tb,not_applicable,b,iPad Master,530.00,742.00,593.60,652.96,"{""a"":560.0,""b"":530.0,""c"":380.0,""d"":300.0}","{""engraved"":{""kind"":""manual"",""reason"":""ask""}}",ipad pro 11 inch 4 th gen|ipad pro 11 inch 4 th gen 1 tb|pro 11 inch 4 th gen,Used pricing. Engravings require manual review.
ipad,apple,ipad_pro_11_inch_4_th_gen__not_applicable,ipad pro 11 inch 4 th gen,,,,2tb,not_applicable,b,iPad Master,580.00,812.00,649.60,714.56,"{""a"":610.0,""b"":580.0,""c"":410.0,""d"":330.0}","{""engraved"":{""kind"":""manual"",""reason"":""ask""}}",ipad pro 11 inch 4 th gen|ipad pro 11 inch 4 th gen 2 tb|pro 11 inch 4 th gen,Used pricing. Engravings require manual review.
ipad,apple,ipad_pro_11_inch_m_4__not_applicable,ipad pro 11 inch m 4,,,,256gb,not_applicable,b,iPad Master,535.00,749.00,599.20,659.12,"{""a"":565.0,""b"":535.0,""c"":430.0,""d"":80.0}","{""engraved"":{""kind"":""manual"",""reason"":""ask""}}",ipad pro 11 inch m 4|ipad pro 11 inch m 4 256 gb|pro 11 inch m 4,Used pricing. Engravings require manual review.
ipad,apple,ipad_pro_11_inch_m_4__not_applicable,ipad pro 11 inch m 4,,,,512gb,not_applicable,b,iPad Master,605.00,847.00,677.60,745.36,"{""a"":635.0,""b"":605.0,""c"":460.0,""d"":100.0}","{""engraved"":{""kind"":""manual"",""reason"":""ask""}}",ipad pro 11 inch m 4|ipad pro 11 inch m 4 512 gb|pro 11 inch m 4,Used pricing. Engravings require manual review.
ipad,apple,ipad_pro_11_inch_m_4__not_applicable,ipad pro 11 inch m 4,,,,1tb,not_applicable,b,iPad Master,690.00,966.00,772.80,850.08,"{""a"":720.0,""b"":690.0,""c"":480.0,""d"":110.0}","{""engraved"":{""kind"":""manual"",""reason"":""ask""}}",ipad pro 11 inch m 4|ipad pro 11 inch m 4 1 tb|pro 11 inch m 4,Used pricing. Engravings require manual review.
ipad,apple,ipad_pro_11_inch_m_4__not_applicable,ipad pro 11 inch m 4,,,,2tb,not_applicable,b,iPad Master,750.00,1050.00,840.00,924.00,"{""a"":780.0,""b"":750.0,""c"":500.0,""d"":120.0}","{""engraved"":{""kind"":""manual"",""reason"":""ask""}}",ipad pro 11 inch m 4|ipad pro 11 inch m 4 2 tb|pro 11 inch m 4,Used pricing. Engravings require manual review.
ipad,apple,ipad_pro_11_inch_m_5__not_applicable,ipad pro 11 inch m 5,,,,256gb,not_applicable,b,iPad Master,631.00,883.40,706.72,777.39,"{""a"":661.0,""b"":631.0,""c"":499.0,""d"":179.0}","{""engraved"":{""kind"":""manual"",""reason"":""ask""}}",ipad pro 11 inch m 5|ipad pro 11 inch m 5 256 gb|pro 11 inch m 5,Used pricing. Engravings require manual review.
ipad,apple,ipad_pro_11_inch_m_5__not_applicable,ipad pro 11 inch m 5,,,,512gb,not_applicable,b,iPad Master,706.00,988.40,790.72,869.79,"{""a"":746.0,""b"":706.0,""c"":554.0,""d"":194.0}","{""engraved"":{""kind"":""manual"",""reason"":""ask""}}",ipad pro 11 inch m 5|ipad pro 11 inch m 5 512 gb|pro 11 inch m 5,Used pricing. Engravings require manual review.
ipad,apple,ipad_pro_11_inch_m_5__not_applicable,ipad pro 11 inch m 5,,,,1tb,not_applicable,b,iPad Master,801.00,1121.40,897.12,986.83,"{""a"":851.0,""b"":801.0,""c"":609.0,""d"":209.0}","{""engraved"":{""kind"":""manual"",""reason"":""ask""}}",ipad pro 11 inch m 5|ipad pro 11 inch m 5 1 tb|pro 11 inch m 5,Used pricing. Engravings require manual review.
ipad,apple,ipad_pro_11_inch_m_5__not_applicable,ipad pro 11 inch m 5,,,,2tb,not_applicable,b,iPad Master,871.00,1219.40,975.52,1073.07,"{""a"":941.0,""b"":871.0,""c"":659.0,""d"":219.0}","{""engraved"":{""kind"":""manual"",""reason"":""ask""}}",ipad pro 11 inch m 5|ipad pro 11 inch m 5 2 tb|pro 11 inch m 5,Used pricing. Engravings require manual review.
ipad,apple,ipad_pro_12_9_inch_3_rd_gen__not_applicable,ipad pro 12 9 inch 3 rd gen,,,,64gb,not_applicable,b,iPad Master,130.00,182.00,145.60,160.16,"{""a"":150.0,""b"":130.0,""c"":60.0,""d"":16.0}","{""engraved"":{""kind"":""manual"",""reason"":""ask""}}",ipad pro 12 9 inch 3 rd gen|ipad pro 12 9 inch 3 rd gen 64 gb|pro 12 9 inch 3 rd gen,Used pricing. Engravings require manual review.
ipad,apple,ipad_pro_12_9_inch_3_rd_gen__not_applicable,ipad pro 12 9 inch 3 rd gen,,,,256gb,not_applicable,b,iPad Master,160.00,224.00,179.20,197.12,"{""a"":180.0,""b"":160.0,""c"":80.0,""d"":26.0}","{""engraved"":{""kind"":""manual"",""reason"":""ask""}}",ipad pro 12 9 inch 3 rd gen|ipad pro 12 9 inch 3 rd gen 256 gb|pro 12 9 inch 3 rd gen,Used pricing. Engravings require manual review.
ipad,apple,ipad_pro_12_9_inch_3_rd_gen__not_applicable,ipad pro 12 9 inch 3 rd gen,,,,512gb|1tb,not_applicable,b,iPad Master,190.00,266.00,212.80,234.08,"{""a"":210.0,""b"":190.0,""c"":100.0,""d"":36.0}","{""engraved"":{""kind"":""manual"",""reason"":""ask""}}",ipad pro 12 9 inch 3 rd gen|ipad pro 12 9 inch 3 rd gen 1 tb|ipad pro 12 9 inch 3 rd gen 512 gb|pro 12 9 inch 3 rd gen,Used pricing. Engravings require manual review.
ipad,apple,ipad_pro_12_9_inch_4_th_gen__not_applicable,ipad pro 12 9 inch 4 th gen,,,,128gb,not_applicable,b,iPad Master,240.00,336.00,268.80,295.68,"{""a"":270.0,""b"":240.0,""c"":150.0,""d"":66.0}","{""engraved"":{""kind"":""manual"",""reason"":""ask""}}",ipad pro 12 9 inch 4 th gen|ipad pro 12 9 inch 4 th gen 128 gb|pro 12 9 inch 4 th gen,Used pricing. Engravings require manual review.
ipad,apple,ipad_pro_12_9_inch_4_th_gen__not_applicable,ipad pro 12 9 inch 4 th gen,,,,256gb,not_applicable,b,iPad Master,270.00,378.00,302.40,332.64,"{""a"":300.0,""b"":270.0,""c"":180.0,""d"":76.0}","{""engraved"":{""kind"":""manual"",""reason"":""ask""}}",ipad pro 12 9 inch 4 th gen|ipad pro 12 9 inch 4 th gen 256 gb|pro 12 9 inch 4 th gen,Used pricing. Engravings require manual review.
ipad,apple,ipad_pro_12_9_inch_4_th_gen__not_applicable,ipad pro 12 9 inch 4 th gen,,,,512gb|1tb,not_applicable,b,iPad Master,300.00,420.00,336.00,369.60,"{""a"":330.0,""b"":300.0,""c"":210.0,""d"":86.0}","{""engraved"":{""kind"":""manual"",""reason"":""ask""}}",ipad pro 12 9 inch 4 th gen|ipad pro 12 9 inch 4 th gen 1 tb|ipad pro 12 9 inch 4 th gen 512 gb|pro 12 9 inch 4 th gen,Used pricing. Engravings require manual review.
ipad,apple,ipad_pro_12_9_inch_5_th_gen__not_applicable,ipad pro 12 9 inch 5 th gen,,,,128gb,not_applicable,b,iPad Master,316.00,442.40,353.92,389.31,"{""a"":346.0,""b"":316.0,""c"":226.0,""d"":106.0}","{""engraved"":{""kind"":""manual"",""reason"":""ask""}}",ipad pro 12 9 inch 5 th gen|ipad pro 12 9 inch 5 th gen 128 gb|pro 12 9 inch 5 th gen,Used pricing. Engravings require manual review.
ipad,apple,ipad_pro_12_9_inch_5_th_gen__not_applicable,ipad pro 12 9 inch 5 th gen,,,,256gb,not_applicable,b,iPad Master,346.00,484.40,387.52,426.27,"{""a"":376.0,""b"":346.0,""c"":256.0,""d"":116.0}","{""engraved"":{""kind"":""manual"",""reason"":""ask""}}",ipad pro 12 9 inch 5 th gen|ipad pro 12 9 inch 5 th gen 256 gb|pro 12 9 inch 5 th gen,Used pricing. Engravings require manual review.
ipad,apple,ipad_pro_12_9_inch_5_th_gen__not_applicable,ipad pro 12 9 inch 5 th gen,,,,512gb,not_applicable,b,iPad Master,376.00,526.40,421.12,463.23,"{""a"":406.0,""b"":376.0,""c"":286.0,""d"":126.0}","{""engraved"":{""kind"":""manual"",""reason"":""ask""}}",ipad pro 12 9 inch 5 th gen|ipad pro 12 9 inch 5 th gen 512 gb|pro 12 9 inch 5 th gen,Used pricing. Engravings require manual review.
ipad,apple,ipad_pro_12_9_inch_5_th_gen__not_applicable,ipad pro 12 9 inch 5 th gen,,,,1tb,not_applicable,b,iPad Master,396.00,554.40,443.52,487.87,"{""a"":426.0,""b"":396.0,""c"":306.0,""d"":126.0}","{""engraved"":{""kind"":""manual"",""reason"":""ask""}}",ipad pro 12 9 inch 5 th gen|ipad pro 12 9 inch 5 th gen 1 tb|pro 12 9 inch 5 th gen,Used pricing. Engravings require manual review.
ipad,apple,ipad_pro_12_9_inch_5_th_gen__not_applicable,ipad pro 12 9 inch 5 th gen,,,,2tb,not_applicable,b,iPad Master,426.00,596.40,477.12,524.83,"{""a"":456.0,""b"":426.0,""c"":336.0,""d"":136.0}","{""engraved"":{""kind"":""manual"",""reason"":""ask""}}",ipad pro 12 9 inch 5 th gen|ipad pro 12 9 inch 5 th gen 2 tb|pro 12 9 inch 5 th gen,Used pricing. Engravings require manual review.
ipad,apple,ipad_pro_12_9_inch_6_th_gen__not_applicable,ipad pro 12 9 inch 6 th gen,,,,128gb,not_applicable,b,iPad Master,416.00,582.40,465.92,512.51,"{""a"":446.0,""b"":416.0,""c"":286.0,""d"":166.0}","{""engraved"":{""kind"":""manual"",""reason"":""ask""}}",ipad pro 12 9 inch 6 th gen|ipad pro 12 9 inch 6 th gen 128 gb|pro 12 9 inch 6 th gen,Used pricing. Engravings require manual review.
ipad,apple,ipad_pro_12_9_inch_6_th_gen__not_applicable,ipad pro 12 9 inch 6 th gen,,,,256gb,not_applicable,b,iPad Master,466.00,652.40,521.92,574.11,"{""a"":496.0,""b"":466.0,""c"":316.0,""d"":186.0}","{""engraved"":{""kind"":""manual"",""reason"":""ask""}}",ipad pro 12 9 inch 6 th gen|ipad pro 12 9 inch 6 th gen 256 gb|pro 12 9 inch 6 th gen,Used pricing. Engravings require manual review.
ipad,apple,ipad_pro_12_9_inch_6_th_gen__not_applicable,ipad pro 12 9 inch 6 th gen,,,,512gb,not_applicable,b,iPad Master,501.00,701.40,561.12,617.23,"{""a"":531.0,""b"":501.0,""c"":341.0,""d"":191.0}","{""engraved"":{""kind"":""manual"",""reason"":""ask""}}",ipad pro 12 9 inch 6 th gen|ipad pro 12 9 inch 6 th gen 512 gb|pro 12 9 inch 6 th gen,Used pricing. Engravings require manual review.
ipad,apple,ipad_pro_12_9_inch_6_th_gen__not_applicable,ipad pro 12 9 inch 6 th gen,,,,1tb,not_applicable,b,iPad Master,536.00,750.40,600.32,660.35,"{""a"":566.0,""b"":536.0,""c"":366.0,""d"":196.0}","{""engraved"":{""kind"":""manual"",""reason"":""ask""}}",ipad pro 12 9 inch 6 th gen|ipad pro 12 9 inch 6 th gen 1 tb|pro 12 9 inch 6 th gen,Used pricing. Engravings require manual review.
ipad,apple,ipad_pro_12_9_inch_6_th_gen__not_applicable,ipad pro 12 9 inch 6 th gen,,,,2tb,not_applicable,b,iPad Master,576.00,806.40,645.12,709.63,"{""a"":606.0,""b"":576.0,""c"":396.0,""d"":206.0}","{""engraved"":{""kind"":""manual"",""reason"":""ask""}}",ipad pro 12 9 inch 6 th gen|ipad pro 12 9 inch 6 th gen 2 tb|pro 12 9 inch 6 th gen,Used pricing. Engravings require manual review.
ipad,apple,ipad_pro_13_inch_m_4__not_applicable,ipad pro 13 inch m 4,,,,256gb,not_applicable,b,iPad Master,636.00,890.40,712.32,783.55,"{""a"":676.0,""b"":636.0,""c"":396.0,""d"":126.0}","{""engraved"":{""kind"":""manual"",""reason"":""ask""}}",ipad pro 13 inch m 4|ipad pro 13 inch m 4 256 gb|pro 13 inch m 4,Used pricing. Engravings require manual review.
ipad,apple,ipad_pro_13_inch_m_4__not_applicable,ipad pro 13 inch m 4,,,,512gb,not_applicable,b,iPad Master,676.00,946.40,757.12,832.83,"{""a"":726.0,""b"":676.0,""c"":416.0,""d"":126.0}","{""engraved"":{""kind"":""manual"",""reason"":""ask""}}",ipad pro 13 inch m 4|ipad pro 13 inch m 4 512 gb|pro 13 inch m 4,Used pricing. Engravings require manual review.
ipad,apple,ipad_pro_13_inch_m_4__not_applicable,ipad pro 13 inch m 4,,,,1tb,not_applicable,b,iPad Master,716.00,1002.40,801.92,882.11,"{""a"":806.0,""b"":716.0,""c"":446.0,""d"":156.0}","{""engraved"":{""kind"":""manual"",""reason"":""ask""}}",ipad pro 13 inch m 4|ipad pro 13 inch m 4 1 tb|pro 13 inch m 4,Used pricing. Engravings require manual review.
ipad,apple,ipad_pro_13_inch_m_4__not_applicable,ipad pro 13 inch m 4,,,,2tb,not_applicable,b,iPad Master,776.00,1086.40,869.12,956.03,"{""a"":906.0,""b"":776.0,""c"":466.0,""d"":166.0}","{""engraved"":{""kind"":""manual"",""reason"":""ask""}}",ipad pro 13 inch m 4|ipad pro 13 inch m 4 2 tb|pro 13 inch m 4,Used pricing. Engravings require manual review.
ipad,apple,ipad_pro_13_inch_m_5__not_applicable,ipad pro 13 inch m 5,,,,256gb,not_applicable,b,iPad Master,756.00,1058.40,846.72,931.39,"{""a"":786.0,""b"":756.0,""c"":626.0,""d"":256.0}","{""engraved"":{""kind"":""manual"",""reason"":""ask""}}",ipad pro 13 inch m 5|ipad pro 13 inch m 5 256 gb|pro 13 inch m 5,Used pricing. Engravings require manual review.
ipad,apple,ipad_pro_13_inch_m_5__not_applicable,ipad pro 13 inch m 5,,,,512gb,not_applicable,b,iPad Master,836.00,1170.40,936.32,1029.95,"{""a"":866.0,""b"":836.0,""c"":656.0,""d"":276.0}","{""engraved"":{""kind"":""manual"",""reason"":""ask""}}",ipad pro 13 inch m 5|ipad pro 13 inch m 5 512 gb|pro 13 inch m 5,Used pricing. Engravings require manual review.
ipad,apple,ipad_pro_13_inch_m_5__not_applicable,ipad pro 13 inch m 5,,,,1tb,not_applicable,b,iPad Master,916.00,1282.40,1025.92,1128.51,"{""a"":966.0,""b"":916.0,""c"":686.0,""d"":296.0}","{""engraved"":{""kind"":""manual"",""reason"":""ask""}}",ipad pro 13 inch m 5|ipad pro 13 inch m 5 1 tb|pro 13 inch m 5,Used pricing. Engravings require manual review.
ipad,apple,ipad_pro_13_inch_m_5__not_applicable,ipad pro 13 inch m 5,,,,2tb,not_applicable,b,iPad Master,956.00,1338.40,1070.72,1177.79,"{""a"":1006.0,""b"":956.0,""c"":716.0,""d"":316.0}","{""engraved"":{""kind"":""manual"",""reason"":""ask""}}",ipad pro 13 inch m 5|ipad pro 13 inch m 5 2 tb|pro 13 inch m 5,Used pricing. Engravings require manual review.
ipad,apple,mini_5__not_applicable,mini 5,,,,64gb,not_applicable,b,iPad Master,45.00,63.00,50.40,55.44,"{""a"":55.0,""b"":45.0,""c"":30.0,""d"":15.0,""doa"":15.0}","{""engraved"":{""kind"":""manual"",""reason"":""ask""}}",mini 5|mini 5 64 gb,Used pricing. Engravings require manual review.
ipad,apple,mini_5__not_applicable,mini 5,,,,256gb,not_applicable,b,iPad Master,65.00,91.00,72.80,80.08,"{""a"":75.0,""b"":65.0,""c"":50.0,""d"":25.0,""doa"":25.0}","{""engraved"":{""kind"":""manual"",""reason"":""ask""}}",mini 5|mini 5 256 gb,Used pricing. Engravings require manual review.
ipad,apple,mini_6__not_applicable,mini 6,,,,64gb,not_applicable,b,iPad Master,125.00,175.00,140.00,154.00,"{""a"":135.0,""b"":125.0,""c"":55.0,""d"":28.0}","{""engraved"":{""kind"":""manual"",""reason"":""ask""}}",mini 6|mini 6 64 gb,Used pricing. Engravings require manual review.
ipad,apple,mini_6__not_applicable,mini 6,,,,256gb,not_applicable,b,iPad Master,160.00,224.00,179.20,197.12,"{""a"":180.0,""b"":160.0,""c"":90.0,""d"":38.0}","{""engraved"":{""kind"":""manual"",""reason"":""ask""}}",mini 6|mini 6 256 gb,Used pricing. Engravings require manual review.
ipad,apple,mini_7_a_17_pro__not_applicable,mini 7 a 17 pro,,,,128gb,not_applicable,b,iPad Master,210.00,294.00,235.20,258.72,"{""a"":230.0,""b"":210.0,""c"":130.0,""d"":60.0}","{""engraved"":{""kind"":""manual"",""reason"":""ask""}}",mini 7 a 17 pro|mini 7 a 17 pro 128 gb,Used pricing. Engravings require manual review.
ipad,apple,mini_7_a_17_pro__not_applicable,mini 7 a 17 pro,,,,256gb,not_applicable,b,iPad Master,275.00,385.00,308.00,338.80,"{""a"":295.0,""b"":275.0,""c"":165.0,""d"":75.0}","{""engraved"":{""kind"":""manual"",""reason"":""ask""}}",mini 7 a 17 pro|mini 7 a 17 pro 256 gb,Used pricing. Engravings require manual review.
ipad,apple,mini_7_a_17_pro__not_applicable,mini 7 a 17 pro,,,,512gb,not_applicable,b,iPad Master,320.00,448.00,358.40,394.24,"{""a"":340.0,""b"":320.0,""c"":190.0,""d"":80.0}","{""engraved"":{""kind"":""manual"",""reason"":""ask""}}",mini 7 a 17 pro|mini 7 a 17 pro 512 gb,Used pricing. Engravings require manual review.
iphone,apple,iphone_11__carrier_locked,iphone 11,,,,64gb,carrier_locked,b,iPhone Used,75.00,105.00,84.00,92.40,"{""a"":75.0,""b"":75.0,""c"":35.0,""d"":15.0,""doa"":17.0}","{""bad_back_camera"":{""kind"":""flat_usd"",""value"":40.0},""bad_face_id"":{""kind"":""manual"",""reason"":""ask""},""battery_under_80"":{""kind"":""manual"",""reason"":""extra_deduction""},""cracked_back"":{""kind"":""flat_usd"",""value"":30.0},""cracked_lens"":{""kind"":""flat_usd"",""value"":20.0},""heavy_scratching"":{""kind"":""manual"",""reason"":""extra_deduction""},""repair_message"":{""kind"":""manual"",""reason"":""extra_deduction""}}",iphone 11|iphone 11 64 gb|iphone 11 carrier locked|iphone 11 locked,Cracked Back = $30 off / Cracked Lens = $20 off / Bad Face ID = ASK / Bad Back Camera = $40 off - - - HEAVY SCRATCHING / DEGRADED BATTERY % / Repair Message(s) = EXTRA DEDUCTION
iphone,apple,iphone_11__carrier_locked,iphone 11,,,,128gb,carrier_locked,b,iPhone Used,80.00,112.00,89.60,98.56,"{""a"":80.0,""b"":80.0,""c"":40.0,""d"":20.0,""doa"":17.0}","{""bad_back_camera"":{""kind"":""flat_usd"",""value"":40.0},""bad_face_id"":{""kind"":""manual"",""reason"":""ask""},""battery_under_80"":{""kind"":""manual"",""reason"":""extra_deduction""},""cracked_back"":{""kind"":""flat_usd"",""value"":30.0},""cracked_lens"":{""kind"":""flat_usd"",""value"":20.0},""heavy_scratching"":{""kind"":""manual"",""reason"":""extra_deduction""},""repair_message"":{""kind"":""manual"",""reason"":""extra_deduction""}}",iphone 11|iphone 11 128 gb|iphone 11 carrier locked|iphone 11 locked,Cracked Back = $30 off / Cracked Lens = $20 off / Bad Face ID = ASK / Bad Back Camera = $40 off - - - HEAVY SCRATCHING / DEGRADED BATTERY % / Repair Message(s) = EXTRA DEDUCTION
iphone,apple,iphone_11__carrier_locked,iphone 11,,,,256gb,carrier_locked,b,iPhone Used,85.00,119.00,95.20,104.72,"{""a"":85.0,""b"":85.0,""c"":45.0,""d"":25.0,""doa"":17.0}","{""bad_back_camera"":{""kind"":""flat_usd"",""value"":40.0},""bad_face_id"":{""kind"":""manual"",""reason"":""ask""},""battery_under_80"":{""kind"":""manual"",""reason"":""extra_deduction""},""cracked_back"":{""kind"":""flat_usd"",""value"":30.0},""cracked_lens"":{""kind"":""flat_usd"",""value"":20.0},""heavy_scratching"":{""kind"":""manual"",""reason"":""extra_deduction""},""repair_message"":{""kind"":""manual"",""reason"":""extra_deduction""}}",iphone 11|iphone 11 256 gb|iphone 11 carrier locked|iphone 11 locked,Cracked Back = $30 off / Cracked Lens = $20 off / Bad Face ID = ASK / Bad Back Camera = $40 off - - - HEAVY SCRATCHING / DEGRADED BATTERY % / Repair Message(s) = EXTRA DEDUCTION
iphone,apple,iphone_11__unlocked,iphone 11,,,,64gb,unlocked,b,iPhone Used,105.00,147.00,117.60,129.36,"{""a"":115.0,""b"":105.0,""c"":45.0,""d"":15.0,""doa"":17.0}","{""bad_back_camera"":{""kind"":""flat_usd"",""value"":40.0},""bad_face_id"":{""kind"":""manual"",""reason"":""ask""},""battery_under_80"":{""kind"":""manual"",""reason"":""extra_deduction""},""cracked_back"":{""kind"":""flat_usd"",""value"":30.0},""cracked_lens"":{""kind"":""flat_usd"",""value"":20.0},""heavy_scratching"":{""kind"":""manual"",""reason"":""extra_deduction""},""repair_message"":{""kind"":""manual"",""reason"":""extra_deduction""}}",iphone 11|iphone 11 64 gb|iphone 11 unlocked,Cracked Back = $30 off / Cracked Lens = $20 off / Bad Face ID = ASK / Bad Back Camera = $40 off - - - HEAVY SCRATCHING / DEGRADED BATTERY % / Repair Message(s) = EXTRA DEDUCTION
iphone,apple,iphone_11__unlocked,iphone 11,,,,128gb,unlocked,b,iPhone Used,120.00,168.00,134.40,147.84,"{""a"":130.0,""b"":120.0,""c"":60.0,""d"":30.0,""doa"":17.0}","{""bad_back_camera"":{""kind"":""flat_usd"",""value"":40.0},""bad_face_id"":{""kind"":""manual"",""reason"":""ask""},""battery_under_80"":{""kind"":""manual"",""reason"":""extra_deduction""},""cracked_back"":{""kind"":""flat_usd"",""value"":30.0},""cracked_lens"":{""kind"":""flat_usd"",""value"":20.0},""heavy_scratching"":{""kind"":""manual"",""reason"":""extra_deduction""},""repair_message"":{""kind"":""manual"",""reason"":""extra_deduction""}}",iphone 11|iphone 11 128 gb|iphone 11 unlocked,Cracked Back = $30 off / Cracked Lens = $20 off / Bad Face ID = ASK / Bad Back Camera = $40 off - - - HEAVY SCRATCHING / DEGRADED BATTERY % / Repair Message(s) = EXTRA DEDUCTION
iphone,apple,iphone_11__unlocked,iphone 11,,,,256gb,unlocked,b,iPhone Used,130.00,182.00,145.60,160.16,"{""a"":140.0,""b"":130.0,""c"":70.0,""d"":40.0,""doa"":17.0}","{""bad_back_camera"":{""kind"":""flat_usd"",""value"":40.0},""bad_face_id"":{""kind"":""manual"",""reason"":""ask""},""battery_under_80"":{""kind"":""manual"",""reason"":""extra_deduction""},""cracked_back"":{""kind"":""flat_usd"",""value"":30.0},""cracked_lens"":{""kind"":""flat_usd"",""value"":20.0},""heavy_scratching"":{""kind"":""manual"",""reason"":""extra_deduction""},""repair_message"":{""kind"":""manual"",""reason"":""extra_deduction""}}",iphone 11|iphone 11 256 gb|iphone 11 unlocked,Cracked Back = $30 off / Cracked Lens = $20 off / Bad Face ID = ASK / Bad Back Camera = $40 off - - - HEAVY SCRATCHING / DEGRADED BATTERY % / Repair Message(s) = EXTRA DEDUCTION
iphone,apple,iphone_11_pro__carrier_locked,iphone 11 pro,,,,64gb,carrier_locked,b,iPhone Used,70.00,98.00,78.40,86.24,"{""a"":70.0,""b"":70.0,""c"":30.0,""d"":10.0,""doa"":14.0}","{""bad_back_camera"":{""kind"":""flat_usd"",""value"":40.0},""bad_face_id"":{""kind"":""manual"",""reason"":""ask""},""battery_under_80"":{""kind"":""manual"",""reason"":""extra_deduction""},""cracked_back"":{""kind"":""flat_usd"",""value"":40.0},""cracked_lens"":{""kind"":""flat_usd"",""value"":30.0},""heavy_scratching"":{""kind"":""manual"",""reason"":""extra_deduction""},""repair_message"":{""kind"":""manual"",""reason"":""extra_deduction""}}",11 pro|iphone 11 pro|iphone 11 pro 64 gb|iphone 11 pro carrier locked|iphone 11 pro locked,Cracked Back = $40 off / Cracked Lens = $30 off / Bad Face ID = ASK / Bad Back Camera = $40 off - - - HEAVY SCRATCHING / DEGRADED BATTERY % / Repair Message(s) = EXTRA DEDUCTION
iphone,apple,iphone_11_pro__carrier_locked,iphone 11 pro,,,,256gb,carrier_locked,b,iPhone Used,80.00,112.00,89.60,98.56,"{""a"":80.0,""b"":80.0,""c"":40.0,""d"":20.0,""doa"":14.0}","{""bad_back_camera"":{""kind"":""flat_usd"",""value"":40.0},""bad_face_id"":{""kind"":""manual"",""reason"":""ask""},""battery_under_80"":{""kind"":""manual"",""reason"":""extra_deduction""},""cracked_back"":{""kind"":""flat_usd"",""value"":40.0},""cracked_lens"":{""kind"":""flat_usd"",""value"":30.0},""heavy_scratching"":{""kind"":""manual"",""reason"":""extra_deduction""},""repair_message"":{""kind"":""manual"",""reason"":""extra_deduction""}}",11 pro|iphone 11 pro|iphone 11 pro 256 gb|iphone 11 pro carrier locked|iphone 11 pro locked,Cracked Back = $40 off / Cracked Lens = $30 off / Bad Face ID = ASK / Bad Back Camera = $40 off - - - HEAVY SCRATCHING / DEGRADED BATTERY % / Repair Message(s) = EXTRA DEDUCTION
iphone,apple,iphone_11_pro__carrier_locked,iphone 11 pro,,,,512gb,carrier_locked,b,iPhone Used,90.00,126.00,100.80,110.88,"{""a"":90.0,""b"":90.0,""c"":50.0,""d"":30.0,""doa"":14.0}","{""bad_back_camera"":{""kind"":""flat_usd"",""value"":40.0},""bad_face_id"":{""kind"":""manual"",""reason"":""ask""},""battery_under_80"":{""kind"":""manual"",""reason"":""extra_deduction""},""cracked_back"":{""kind"":""flat_usd"",""value"":40.0},""cracked_lens"":{""kind"":""flat_usd"",""value"":30.0},""heavy_scratching"":{""kind"":""manual"",""reason"":""extra_deduction""},""repair_message"":{""kind"":""manual"",""reason"":""extra_deduction""}}",11 pro|iphone 11 pro|iphone 11 pro 512 gb|iphone 11 pro carrier locked|iphone 11 pro locked,Cracked Back = $40 off / Cracked Lens = $30 off / Bad Face ID = ASK / Bad Back Camera = $40 off - - - HEAVY SCRATCHING / DEGRADED BATTERY % / Repair Message(s) = EXTRA DEDUCTION
iphone,apple,iphone_11_pro__unlocked,iphone 11 pro,,,,64gb,unlocked,b,iPhone Used,125.00,175.00,140.00,154.00,"{""a"":140.0,""b"":125.0,""c"":65.0,""d"":5.0,""doa"":14.0}","{""bad_back_camera"":{""kind"":""flat_usd"",""value"":40.0},""bad_face_id"":{""kind"":""manual"",""reason"":""ask""},""battery_under_80"":{""kind"":""manual"",""reason"":""extra_deduction""},""cracked_back"":{""kind"":""flat_usd"",""value"":40.0},""cracked_lens"":{""kind"":""flat_usd"",""value"":30.0},""heavy_scratching"":{""kind"":""manual"",""reason"":""extra_deduction""},""repair_message"":{""kind"":""manual"",""reason"":""extra_deduction""}}",11 pro|iphone 11 pro|iphone 11 pro 64 gb|iphone 11 pro unlocked,Cracked Back = $40 off / Cracked Lens = $30 off / Bad Face ID = ASK / Bad Back Camera = $40 off - - - HEAVY SCRATCHING / DEGRADED BATTERY % / Repair Message(s) = EXTRA DEDUCTION
iphone,apple,iphone_11_pro__unlocked,iphone 11 pro,,,,256gb,unlocked,b,iPhone Used,140.00,196.00,156.80,172.48,"{""a"":155.0,""b"":140.0,""c"":85.0,""d"":25.0,""doa"":14.0}","{""bad_back_camera"":{""kind"":""flat_usd"",""value"":40.0},""bad_face_id"":{""kind"":""manual"",""reason"":""ask""},""battery_under_80"":{""kind"":""manual"",""reason"":""extra_deduction""},""cracked_back"":{""kind"":""flat_usd"",""value"":40.0},""cracked_lens"":{""kind"":""flat_usd"",""value"":30.0},""heavy_scratching"":{""kind"":""manual"",""reason"":""extra_deduction""},""repair_message"":{""kind"":""manual"",""reason"":""extra_deduction""}}",11 pro|iphone 11 pro|iphone 11 pro 256 gb|iphone 11 pro unlocked,Cracked Back = $40 off / Cracked Lens = $30 off / Bad Face ID = ASK / Bad Back Camera = $40 off - - - HEAVY SCRATCHING / DEGRADED BATTERY % / Repair Message(s) = EXTRA DEDUCTION
iphone,apple,iphone_11_pro__unlocked,iphone 11 pro,,,,512gb,unlocked,b,iPhone Used,150.00,210.00,168.00,184.80,"{""a"":165.0,""b"":150.0,""c"":105.0,""d"":45.0,""doa"":14.0}","{""bad_back_camera"":{""kind"":""flat_usd"",""value"":40.0},""bad_face_id"":{""kind"":""manual"",""reason"":""ask""},""battery_under_80"":{""kind"":""manual"",""reason"":""extra_deduction""},""cracked_back"":{""kind"":""flat_usd"",""value"":40.0},""cracked_lens"":{""kind"":""flat_usd"",""value"":30.0},""heavy_scratching"":{""kind"":""manual"",""reason"":""extra_deduction""},""repair_message"":{""kind"":""manual"",""reason"":""extra_deduction""}}",11 pro|iphone 11 pro|iphone 11 pro 512 gb|iphone 11 pro unlocked,Cracked Back = $40 off / Cracked Lens = $30 off / Bad Face ID = ASK / Bad Back Camera = $40 off - - - HEAVY SCRATCHING / DEGRADED BATTERY % / Repair Message(s) = EXTRA DEDUCTION
iphone,apple,iphone_11_pro_max__carrier_locked,iphone 11 pro max,,,,64gb,carrier_locked,b,iPhone Used,90.00,126.00,100.80,110.88,"{""a"":90.0,""b"":90.0,""c"":30.0,""d"":10.0,""doa"":14.0}","{""bad_back_camera"":{""kind"":""flat_usd"",""value"":40.0},""bad_face_id"":{""kind"":""manual"",""reason"":""ask""},""battery_under_80"":{""kind"":""manual"",""reason"":""extra_deduction""},""cracked_back"":{""kind"":""flat_usd"",""value"":40.0},""cracked_lens"":{""kind"":""flat_usd"",""value"":30.0},""heavy_scratching"":{""kind"":""manual"",""reason"":""extra_deduction""},""repair_message"":{""kind"":""manual"",""reason"":""extra_deduction""}}",11 pro max|iphone 11 pm|iphone 11 pro max|iphone 11 pro max 64 gb|iphone 11 pro max carrier locked|iphone 11 pro max locked,Cracked Back = $40 off / Cracked Lens = $30 off / Bad Face ID = ASK / Bad Back Camera = $40 off - - - HEAVY SCRATCHING / DEGRADED BATTERY % / Repair Message(s) = EXTRA DEDUCTION
iphone,apple,iphone_11_pro_max__carrier_locked,iphone 11 pro max,,,,256gb,carrier_locked,b,iPhone Used,100.00,140.00,112.00,123.20,"{""a"":100.0,""b"":100.0,""c"":40.0,""d"":15.0,""doa"":14.0}","{""bad_back_camera"":{""kind"":""flat_usd"",""value"":40.0},""bad_face_id"":{""kind"":""manual"",""reason"":""ask""},""battery_under_80"":{""kind"":""manual"",""reason"":""extra_deduction""},""cracked_back"":{""kind"":""flat_usd"",""value"":40.0},""cracked_lens"":{""kind"":""flat_usd"",""value"":30.0},""heavy_scratching"":{""kind"":""manual"",""reason"":""extra_deduction""},""repair_message"":{""kind"":""manual"",""reason"":""extra_deduction""}}",11 pro max|iphone 11 pm|iphone 11 pro max|iphone 11 pro max 256 gb|iphone 11 pro max carrier locked|iphone 11 pro max locked,Cracked Back = $40 off / Cracked Lens = $30 off / Bad Face ID = ASK / Bad Back Camera = $40 off - - - HEAVY SCRATCHING / DEGRADED BATTERY % / Repair Message(s) = EXTRA DEDUCTION
iphone,apple,iphone_11_pro_max__carrier_locked,iphone 11 pro max,,,,512gb,carrier_locked,b,iPhone Used,110.00,154.00,123.20,135.52,"{""a"":110.0,""b"":110.0,""c"":50.0,""d"":20.0,""doa"":14.0}","{""bad_back_camera"":{""kind"":""flat_usd"",""value"":40.0},""bad_face_id"":{""kind"":""manual"",""reason"":""ask""},""battery_under_80"":{""kind"":""manual"",""reason"":""extra_deduction""},""cracked_back"":{""kind"":""flat_usd"",""value"":40.0},""cracked_lens"":{""kind"":""flat_usd"",""value"":30.0},""heavy_scratching"":{""kind"":""manual"",""reason"":""extra_deduction""},""repair_message"":{""kind"":""manual"",""reason"":""extra_deduction""}}",11 pro max|iphone 11 pm|iphone 11 pro max|iphone 11 pro max 512 gb|iphone 11 pro max carrier locked|iphone 11 pro max locked,Cracked Back = $40 off / Cracked Lens = $30 off / Bad Face ID = ASK / Bad Back Camera = $40 off - - - HEAVY SCRATCHING / DEGRADED BATTERY % / Repair Message(s) = EXTRA DEDUCTION
iphone,apple,iphone_11_pro_max__unlocked,iphone 11 pro max,,,,64gb,unlocked,b,iPhone Used,155.00,217.00,173.60,190.96,"{""a"":170.0,""b"":155.0,""c"":90.0,""d"":55.0,""doa"":14.0}","{""bad_back_camera"":{""kind"":""flat_usd"",""value"":40.0},""bad_face_id"":{""kind"":""manual"",""reason"":""ask""},""battery_under_80"":{""kind"":""manual"",""reason"":""extra_deduction""},""cracked_back"":{""kind"":""flat_usd"",""value"":40.0},""cracked_lens"":{""kind"":""flat_usd"",""value"":30.0},""heavy_scratching"":{""kind"":""manual"",""reason"":""extra_deduction""},""repair_message"":{""kind"":""manual"",""reason"":""extra_deduction""}}",11 pro max|iphone 11 pm|iphone 11 pro max|iphone 11 pro max 64 gb|iphone 11 pro max unlocked,Cracked Back = $40 off / Cracked Lens = $30 off / Bad Face ID = ASK / Bad Back Camera = $40 off - - - HEAVY SCRATCHING / DEGRADED BATTERY % / Repair Message(s) = EXTRA DEDUCTION
iphone,apple,iphone_11_pro_max__unlocked,iphone 11 pro max,,,,256gb,unlocked,b,iPhone Used,170.00,238.00,190.40,209.44,"{""a"":185.0,""b"":170.0,""c"":110.0,""d"":60.0,""doa"":14.0}","{""bad_back_camera"":{""kind"":""flat_usd"",""value"":40.0},""bad_face_id"":{""kind"":""manual"",""reason"":""ask""},""battery_under_80"":{""kind"":""manual"",""reason"":""extra_deduction""},""cracked_back"":{""kind"":""flat_usd"",""value"":40.0},""cracked_lens"":{""kind"":""flat_usd"",""value"":30.0},""heavy_scratching"":{""kind"":""manual"",""reason"":""extra_deduction""},""repair_message"":{""kind"":""manual"",""reason"":""extra_deduction""}}",11 pro max|iphone 11 pm|iphone 11 pro max|iphone 11 pro max 256 gb|iphone 11 pro max unlocked,Cracked Back = $40 off / Cracked Lens = $30 off / Bad Face ID = ASK / Bad Back Camera = $40 off - - - HEAVY SCRATCHING / DEGRADED BATTERY % / Repair Message(s) = EXTRA DEDUCTION
iphone,apple,iphone_11_pro_max__unlocked,iphone 11 pro max,,,,512gb,unlocked,b,iPhone Used,185.00,259.00,207.20,227.92,"{""a"":200.0,""b"":185.0,""c"":130.0,""d"":65.0,""doa"":14.0}","{""bad_back_camera"":{""kind"":""flat_usd"",""value"":40.0},""bad_face_id"":{""kind"":""manual"",""reason"":""ask""},""battery_under_80"":{""kind"":""manual"",""reason"":""extra_deduction""},""cracked_back"":{""kind"":""flat_usd"",""value"":40.0},""cracked_lens"":{""kind"":""flat_usd"",""value"":30.0},""heavy_scratching"":{""kind"":""manual"",""reason"":""extra_deduction""},""repair_message"":{""kind"":""manual"",""reason"":""extra_deduction""}}",11 pro max|iphone 11 pm|iphone 11 pro max|iphone 11 pro max 512 gb|iphone 11 pro max unlocked,Cracked Back = $40 off / Cracked Lens = $30 off / Bad Face ID = ASK / Bad Back Camera = $40 off - - - HEAVY SCRATCHING / DEGRADED BATTERY % / Repair Message(s) = EXTRA DEDUCTION
iphone,apple,iphone_12__carrier_locked,iphone 12,,,,64gb,carrier_locked,b,iPhone Used,75.00,105.00,84.00,92.40,"{""a"":80.0,""b"":75.0,""c"":45.0,""d"":30.0,""doa"":14.0}","{""bad_back_camera"":{""kind"":""flat_usd"",""value"":50.0},""bad_face_id"":{""kind"":""manual"",""reason"":""ask""},""battery_under_80"":{""kind"":""manual"",""reason"":""extra_deduction""},""cracked_back"":{""kind"":""flat_usd"",""value"":40.0},""cracked_lens"":{""kind"":""flat_usd"",""value"":30.0},""heavy_scratching"":{""kind"":""manual"",""reason"":""extra_deduction""},""repair_message"":{""kind"":""manual"",""reason"":""extra_deduction""}}",iphone 12|iphone 12 64 gb|iphone 12 carrier locked|iphone 12 locked,Cracked Back = $40 off / Cracked Lens = $30 off / Bad Face ID = ASK / Bad Back Camera = $50 off - - - HEAVY SCRATCHING / DEGRADED BATTERY % / Repair Message(s) = EXTRA DEDUCTION
iphone,apple,iphone_12__carrier_locked,iphone 12,,,,128gb,carrier_locked,b,iPhone Used,85.00,119.00,95.20,104.72,"{""a"":90.0,""b"":85.0,""c"":55.0,""d"":40.0,""doa"":14.0}","{""bad_back_camera"":{""kind"":""flat_usd"",""value"":50.0},""bad_face_id"":{""kind"":""manual"",""reason"":""ask""},""battery_under_80"":{""kind"":""manual"",""reason"":""extra_deduction""},""cracked_back"":{""kind"":""flat_usd"",""value"":40.0},""cracked_lens"":{""kind"":""flat_usd"",""value"":30.0},""heavy_scratching"":{""kind"":""manual"",""reason"":""extra_deduction""},""repair_message"":{""kind"":""manual"",""reason"":""extra_deduction""}}",iphone 12|iphone 12 128 gb|iphone 12 carrier locked|iphone 12 locked,Cracked Back = $40 off / Cracked Lens = $30 off / Bad Face ID = ASK / Bad Back Camera = $50 off - - - HEAVY SCRATCHING / DEGRADED BATTERY % / Repair Message(s) = EXTRA DEDUCTION
iphone,apple,iphone_12__carrier_locked,iphone 12,,,,256gb,carrier_locked,b,iPhone Used,95.00,133.00,106.40,117.04,"{""a"":100.0,""b"":95.0,""c"":60.0,""d"":40.0,""doa"":14.0}","{""bad_back_camera"":{""kind"":""flat_usd"",""value"":50.0},""bad_face_id"":{""kind"":""manual"",""reason"":""ask""},""battery_under_80"":{""kind"":""manual"",""reason"":""extra_deduction""},""cracked_back"":{""kind"":""flat_usd"",""value"":40.0},""cracked_lens"":{""kind"":""flat_usd"",""value"":30.0},""heavy_scratching"":{""kind"":""manual"",""reason"":""extra_deduction""},""repair_message"":{""kind"":""manual"",""reason"":""extra_deduction""}}",iphone 12|iphone 12 256 gb|iphone 12 carrier locked|iphone 12 locked,Cracked Back = $40 off / Cracked Lens = $30 off / Bad Face ID = ASK / Bad Back Camera = $50 off - - - HEAVY SCRATCHING / DEGRADED BATTERY % / Repair Message(s) = EXTRA DEDUCTION
iphone,apple,iphone_12__unlocked,iphone 12,,,,64gb,unlocked,b,iPhone Used,120.00,168.00,134.40,147.84,"{""a"":130.0,""b"":120.0,""c"":45.0,""d"":30.0,""doa"":14.0}","{""bad_back_camera"":{""kind"":""flat_usd"",""value"":50.0},""bad_face_id"":{""kind"":""manual"",""reason"":""ask""},""battery_under_80"":{""kind"":""manual"",""reason"":""extra_deduction""},""cracked_back"":{""kind"":""flat_usd"",""value"":40.0},""cracked_lens"":{""kind"":""flat_usd"",""value"":30.0},""heavy_scratching"":{""kind"":""manual"",""reason"":""extra_deduction""},""repair_message"":{""kind"":""manual"",""reason"":""extra_deduction""}}",iphone 12|iphone 12 64 gb|iphone 12 unlocked,Cracked Back = $40 off / Cracked Lens = $30 off / Bad Face ID = ASK / Bad Back Camera = $50 off - - - HEAVY SCRATCHING / DEGRADED BATTERY % / Repair Message(s) = EXTRA DEDUCTION
iphone,apple,iphone_12__unlocked,iphone 12,,,,128gb,unlocked,b,iPhone Used,135.00,189.00,151.20,166.32,"{""a"":145.0,""b"":135.0,""c"":50.0,""d"":40.0,""doa"":14.0}","{""bad_back_camera"":{""kind"":""flat_usd"",""value"":50.0},""bad_face_id"":{""kind"":""manual"",""reason"":""ask""},""battery_under_80"":{""kind"":""manual"",""reason"":""extra_deduction""},""cracked_back"":{""kind"":""flat_usd"",""value"":40.0},""cracked_lens"":{""kind"":""flat_usd"",""value"":30.0},""heavy_scratching"":{""kind"":""manual"",""reason"":""extra_deduction""},""repair_message"":{""kind"":""manual"",""reason"":""extra_deduction""}}",iphone 12|iphone 12 128 gb|iphone 12 unlocked,Cracked Back = $40 off / Cracked Lens = $30 off / Bad Face ID = ASK / Bad Back Camera = $50 off - - - HEAVY SCRATCHING / DEGRADED BATTERY % / Repair Message(s) = EXTRA DEDUCTION
iphone,apple,iphone_12__unlocked,iphone 12,,,,256gb,unlocked,b,iPhone Used,145.00,203.00,162.40,178.64,"{""a"":155.0,""b"":145.0,""c"":70.0,""d"":50.0,""doa"":14.0}","{""bad_back_camera"":{""kind"":""flat_usd"",""value"":50.0},""bad_face_id"":{""kind"":""manual"",""reason"":""ask""},""battery_under_80"":{""kind"":""manual"",""reason"":""extra_deduction""},""cracked_back"":{""kind"":""flat_usd"",""value"":40.0},""cracked_lens"":{""kind"":""flat_usd"",""value"":30.0},""heavy_scratching"":{""kind"":""manual"",""reason"":""extra_deduction""},""repair_message"":{""kind"":""manual"",""reason"":""extra_deduction""}}",iphone 12|iphone 12 256 gb|iphone 12 unlocked,Cracked Back = $40 off / Cracked Lens = $30 off / Bad Face ID = ASK / Bad Back Camera = $50 off - - - HEAVY SCRATCHING / DEGRADED BATTERY % / Repair Message(s) = EXTRA DEDUCTION
iphone,apple,iphone_12_mini__carrier_locked,iphone 12 mini,,,,64gb,carrier_locked,b,iPhone Used,60.00,84.00,67.20,73.92,"{""a"":60.0,""b"":60.0,""c"":35.0,""d"":20.0,""doa"":9.0}","{""bad_back_camera"":{""kind"":""flat_usd"",""value"":50.0},""bad_face_id"":{""kind"":""manual"",""reason"":""ask""},""battery_under_80"":{""kind"":""manual"",""reason"":""extra_deduction""},""cracked_back"":{""kind"":""flat_usd"",""value"":40.0},""cracked_lens"":{""kind"":""flat_usd"",""value"":30.0},""heavy_scratching"":{""kind"":""manual"",""reason"":""extra_deduction""},""repair_message"":{""kind"":""manual"",""reason"":""extra_deduction""}}",12 mini|iphone 12 mini|iphone 12 mini 64 gb|iphone 12 mini carrier locked|iphone 12 mini locked,Cracked Back = $40 off / Cracked Lens = $30 off / Bad Face ID = ASK / Bad Back Camera = $50 off - - - HEAVY SCRATCHING / DEGRADED BATTERY % / Repair Message(s) = EXTRA DEDUCTION
iphone,apple,iphone_12_mini__carrier_locked,iphone 12 mini,,,,128gb,carrier_locked,b,iPhone Used,70.00,98.00,78.40,86.24,"{""a"":70.0,""b"":70.0,""c"":45.0,""d"":30.0,""doa"":9.0}","{""bad_back_camera"":{""kind"":""flat_usd"",""value"":50.0},""bad_face_id"":{""kind"":""manual"",""reason"":""ask""},""battery_under_80"":{""kind"":""manual"",""reason"":""extra_deduction""},""cracked_back"":{""kind"":""flat_usd"",""value"":40.0},""cracked_lens"":{""kind"":""flat_usd"",""value"":30.0},""heavy_scratching"":{""kind"":""manual"",""reason"":""extra_deduction""},""repair_message"":{""kind"":""manual"",""reason"":""extra_deduction""}}",12 mini|iphone 12 mini|iphone 12 mini 128 gb|iphone 12 mini carrier locked|iphone 12 mini locked,Cracked Back = $40 off / Cracked Lens = $30 off / Bad Face ID = ASK / Bad Back Camera = $50 off - - - HEAVY SCRATCHING / DEGRADED BATTERY % / Repair Message(s) = EXTRA DEDUCTION
iphone,apple,iphone_12_mini__carrier_locked,iphone 12 mini,,,,256gb,carrier_locked,b,iPhone Used,80.00,112.00,89.60,98.56,"{""a"":80.0,""b"":80.0,""c"":45.0,""d"":35.0,""doa"":9.0}","{""bad_back_camera"":{""kind"":""flat_usd"",""value"":50.0},""bad_face_id"":{""kind"":""manual"",""reason"":""ask""},""battery_under_80"":{""kind"":""manual"",""reason"":""extra_deduction""},""cracked_back"":{""kind"":""flat_usd"",""value"":40.0},""cracked_lens"":{""kind"":""flat_usd"",""value"":30.0},""heavy_scratching"":{""kind"":""manual"",""reason"":""extra_deduction""},""repair_message"":{""kind"":""manual"",""reason"":""extra_deduction""}}",12 mini|iphone 12 mini|iphone 12 mini 256 gb|iphone 12 mini carrier locked|iphone 12 mini locked,Cracked Back = $40 off / Cracked Lens = $30 off / Bad Face ID = ASK / Bad Back Camera = $50 off - - - HEAVY SCRATCHING / DEGRADED BATTERY % / Repair Message(s) = EXTRA DEDUCTION
iphone,apple,iphone_12_mini__unlocked,iphone 12 mini,,,,64gb,unlocked,b,iPhone Used,100.00,140.00,112.00,123.20,"{""a"":110.0,""b"":100.0,""c"":30.0,""d"":20.0,""doa"":9.0}","{""bad_back_camera"":{""kind"":""flat_usd"",""value"":50.0},""bad_face_id"":{""kind"":""manual"",""reason"":""ask""},""battery_under_80"":{""kind"":""manual"",""reason"":""extra_deduction""},""cracked_back"":{""kind"":""flat_usd"",""value"":40.0},""cracked_lens"":{""kind"":""flat_usd"",""value"":30.0},""heavy_scratching"":{""kind"":""manual"",""reason"":""extra_deduction""},""repair_message"":{""kind"":""manual"",""reason"":""extra_deduction""}}",12 mini|iphone 12 mini|iphone 12 mini 64 gb|iphone 12 mini unlocked,Cracked Back = $40 off / Cracked Lens = $30 off / Bad Face ID = ASK / Bad Back Camera = $50 off - - - HEAVY SCRATCHING / DEGRADED BATTERY % / Repair Message(s) = EXTRA DEDUCTION
iphone,apple,iphone_12_mini__unlocked,iphone 12 mini,,,,128gb,unlocked,b,iPhone Used,115.00,161.00,128.80,141.68,"{""a"":125.0,""b"":115.0,""c"":40.0,""d"":30.0,""doa"":9.0}","{""bad_back_camera"":{""kind"":""flat_usd"",""value"":50.0},""bad_face_id"":{""kind"":""manual"",""reason"":""ask""},""battery_under_80"":{""kind"":""manual"",""reason"":""extra_deduction""},""cracked_back"":{""kind"":""flat_usd"",""value"":40.0},""cracked_lens"":{""kind"":""flat_usd"",""value"":30.0},""heavy_scratching"":{""kind"":""manual"",""reason"":""extra_deduction""},""repair_message"":{""kind"":""manual"",""reason"":""extra_deduction""}}",12 mini|iphone 12 mini|iphone 12 mini 128 gb|iphone 12 mini unlocked,Cracked Back = $40 off / Cracked Lens = $30 off / Bad Face ID = ASK / Bad Back Camera = $50 off - - - HEAVY SCRATCHING / DEGRADED BATTERY % / Repair Message(s) = EXTRA DEDUCTION
iphone,apple,iphone_12_mini__unlocked,iphone 12 mini,,,,256gb,unlocked,b,iPhone Used,125.00,175.00,140.00,154.00,"{""a"":135.0,""b"":125.0,""c"":40.0,""d"":30.0,""doa"":9.0}","{""bad_back_camera"":{""kind"":""flat_usd"",""value"":50.0},""bad_face_id"":{""kind"":""manual"",""reason"":""ask""},""battery_under_80"":{""kind"":""manual"",""reason"":""extra_deduction""},""cracked_back"":{""kind"":""flat_usd"",""value"":40.0},""cracked_lens"":{""kind"":""flat_usd"",""value"":30.0},""heavy_scratching"":{""kind"":""manual"",""reason"":""extra_deduction""},""repair_message"":{""kind"":""manual"",""reason"":""extra_deduction""}}",12 mini|iphone 12 mini|iphone 12 mini 256 gb|iphone 12 mini unlocked,Cracked Back = $40 off / Cracked Lens = $30 off / Bad Face ID = ASK / Bad Back Camera = $50 off - - - HEAVY SCRATCHING / DEGRADED BATTERY % / Repair Message(s) = EXTRA DEDUCTION
iphone,apple,iphone_12_pro__carrier_locked,iphone 12 pro,,,,128gb,carrier_locked,b,iPhone Used,100.00,140.00,112.00,123.20,"{""a"":115.0,""b"":100.0,""c"":75.0,""d"":55.0,""doa"":17.0}","{""bad_back_camera"":{""kind"":""flat_usd"",""value"":80.0},""bad_face_id"":{""kind"":""manual"",""reason"":""ask""},""battery_under_80"":{""kind"":""manual"",""reason"":""extra_deduction""},""cracked_back"":{""kind"":""flat_usd"",""value"":50.0},""cracked_lens"":{""kind"":""flat_usd"",""value"":40.0},""heavy_scratching"":{""kind"":""manual"",""reason"":""extra_deduction""},""repair_message"":{""kind"":""manual"",""reason"":""extra_deduction""}}",12 pro|iphone 12 pro|iphone 12 pro 128 gb|iphone 12 pro carrier locked|iphone 12 pro locked,Cracked Back = $50 off / Cracked Lens = $40 off / Bad Face ID = ASK / Bad Back Camera = $80 off - - - HEAVY SCRATCHING / DEGRADED BATTERY % / Repair Message(s) = EXTRA DEDUCTION
iphone,apple,iphone_12_pro__carrier_locked,iphone 12 pro,,,,256gb,carrier_locked,b,iPhone Used,110.00,154.00,123.20,135.52,"{""a"":125.0,""b"":110.0,""c"":85.0,""d"":60.0,""doa"":17.0}","{""bad_back_camera"":{""kind"":""flat_usd"",""value"":80.0},""bad_face_id"":{""kind"":""manual"",""reason"":""ask""},""battery_under_80"":{""kind"":""manual"",""reason"":""extra_deduction""},""cracked_back"":{""kind"":""flat_usd"",""value"":50.0},""cracked_lens"":{""kind"":""flat_usd"",""value"":40.0},""heavy_scratching"":{""kind"":""manual"",""reason"":""extra_deduction""},""repair_message"":{""kind"":""manual"",""reason"":""extra_deduction""}}",12 pro|iphone 12 pro|iphone 12 pro 256 gb|iphone 12 pro carrier locked|iphone 12 pro locked,Cracked Back = $50 off / Cracked Lens = $40 off / Bad Face ID = ASK / Bad Back Camera = $80 off - - - HEAVY SCRATCHING / DEGRADED BATTERY % / Repair Message(s) = EXTRA DEDUCTION
iphone,apple,iphone_12_pro__carrier_locked,iphone 12 pro,,,,512gb,carrier_locked,b,iPhone Used,115.00,161.00,128.80,141.68,"{""a"":130.0,""b"":115.0,""c"":85.0,""d"":55.0,""doa"":17.0}","{""bad_back_camera"":{""kind"":""flat_usd"",""value"":80.0},""bad_face_id"":{""kind"":""manual"",""reason"":""ask""},""battery_under_80"":{""kind"":""manual"",""reason"":""extra_deduction""},""cracked_back"":{""kind"":""flat_usd"",""value"":50.0},""cracked_lens"":{""kind"":""flat_usd"",""value"":40.0},""heavy_scratching"":{""kind"":""manual"",""reason"":""extra_deduction""},""repair_message"":{""kind"":""manual"",""reason"":""extra_deduction""}}",12 pro|iphone 12 pro|iphone 12 pro 512 gb|iphone 12 pro carrier locked|iphone 12 pro locked,Cracked Back = $50 off / Cracked Lens = $40 off / Bad Face ID = ASK / Bad Back Camera = $80 off - - - HEAVY SCRATCHING / DEGRADED BATTERY % / Repair Message(s) = EXTRA DEDUCTION
iphone,apple,iphone_12_pro__unlocked,iphone 12 pro,,,,128gb,unlocked,b,iPhone Used,170.00,238.00,190.40,209.44,"{""a"":185.0,""b"":170.0,""c"":95.0,""d"":70.0,""doa"":17.0}","{""bad_back_camera"":{""kind"":""flat_usd"",""value"":80.0},""bad_face_id"":{""kind"":""manual"",""reason"":""ask""},""battery_under_80"":{""kind"":""manual"",""reason"":""extra_deduction""},""cracked_back"":{""kind"":""flat_usd"",""value"":50.0},""cracked_lens"":{""kind"":""flat_usd"",""value"":40.0},""heavy_scratching"":{""kind"":""manual"",""reason"":""extra_deduction""},""repair_message"":{""kind"":""manual"",""reason"":""extra_deduction""}}",12 pro|iphone 12 pro|iphone 12 pro 128 gb|iphone 12 pro unlocked,Cracked Back = $50 off / Cracked Lens = $40 off / Bad Face ID = ASK / Bad Back Camera = $80 off - - - HEAVY SCRATCHING / DEGRADED BATTERY % / Repair Message(s) = EXTRA DEDUCTION
iphone,apple,iphone_12_pro__unlocked,iphone 12 pro,,,,256gb,unlocked,b,iPhone Used,185.00,259.00,207.20,227.92,"{""a"":200.0,""b"":185.0,""c"":110.0,""d"":90.0,""doa"":17.0}","{""bad_back_camera"":{""kind"":""flat_usd"",""value"":80.0},""bad_face_id"":{""kind"":""manual"",""reason"":""ask""},""battery_under_80"":{""kind"":""manual"",""reason"":""extra_deduction""},""cracked_back"":{""kind"":""flat_usd"",""value"":50.0},""cracked_lens"":{""kind"":""flat_usd"",""value"":40.0},""heavy_scratching"":{""kind"":""manual"",""reason"":""extra_deduction""},""repair_message"":{""kind"":""manual"",""reason"":""extra_deduction""}}",12 pro|iphone 12 pro|iphone 12 pro 256 gb|iphone 12 pro unlocked,Cracked Back = $50 off / Cracked Lens = $40 off / Bad Face ID = ASK / Bad Back Camera = $80 off - - - HEAVY SCRATCHING / DEGRADED BATTERY % / Repair Message(s) = EXTRA DEDUCTION
iphone,apple,iphone_12_pro__unlocked,iphone 12 pro,,,,512gb,unlocked,b,iPhone Used,200.00,280.00,224.00,246.40,"{""a"":215.0,""b"":200.0,""c"":110.0,""d"":90.0,""doa"":17.0}","{""bad_back_camera"":{""kind"":""flat_usd"",""value"":80.0},""bad_face_id"":{""kind"":""manual"",""reason"":""ask""},""battery_under_80"":{""kind"":""manual"",""reason"":""extra_deduction""},""cracked_back"":{""kind"":""flat_usd"",""value"":50.0},""cracked_lens"":{""kind"":""flat_usd"",""value"":40.0},""heavy_scratching"":{""kind"":""manual"",""reason"":""extra_deduction""},""repair_message"":{""kind"":""manual"",""reason"":""extra_deduction""}}",12 pro|iphone 12 pro|iphone 12 pro 512 gb|iphone 12 pro unlocked,Cracked Back = $50 off / Cracked Lens = $40 off / Bad Face ID = ASK / Bad Back Camera = $80 off - - - HEAVY SCRATCHING / DEGRADED BATTERY % / Repair Message(s) = EXTRA DEDUCTION
iphone,apple,iphone_12_pro_max__carrier_locked,iphone 12 pro max,,,,128gb,carrier_locked,b,iPhone Used,120.00,168.00,134.40,147.84,"{""a"":135.0,""b"":120.0,""c"":100.0,""d"":65.0,""doa"":38.0}","{""bad_back_camera"":{""kind"":""flat_usd"",""value"":80.0},""bad_face_id"":{""kind"":""manual"",""reason"":""ask""},""battery_under_80"":{""kind"":""manual"",""reason"":""extra_deduction""},""cracked_back"":{""kind"":""flat_usd"",""value"":60.0},""cracked_lens"":{""kind"":""flat_usd"",""value"":40.0},""heavy_scratching"":{""kind"":""manual"",""reason"":""extra_deduction""},""repair_message"":{""kind"":""manual"",""reason"":""extra_deduction""}}",12 pro max|iphone 12 pm|iphone 12 pro max|iphone 12 pro max 128 gb|iphone 12 pro max carrier locked|iphone 12 pro max locked,Cracked Back = $60 off / Cracked Lens = $40 off / Bad Face ID = ASK / Bad Back Camera = $80 off - - - HEAVY SCRATCHING / DEGRADED BATTERY % / Repair Message(s) = EXTRA DEDUCTION
iphone,apple,iphone_12_pro_max__carrier_locked,iphone 12 pro max,,,,256gb,carrier_locked,b,iPhone Used,125.00,175.00,140.00,154.00,"{""a"":145.0,""b"":125.0,""c"":110.0,""d"":80.0,""doa"":38.0}","{""bad_back_camera"":{""kind"":""flat_usd"",""value"":80.0},""bad_face_id"":{""kind"":""manual"",""reason"":""ask""},""battery_under_80"":{""kind"":""manual"",""reason"":""extra_deduction""},""cracked_back"":{""kind"":""flat_usd"",""value"":60.0},""cracked_lens"":{""kind"":""flat_usd"",""value"":40.0},""heavy_scratching"":{""kind"":""manual"",""reason"":""extra_deduction""},""repair_message"":{""kind"":""manual"",""reason"":""extra_deduction""}}",12 pro max|iphone 12 pm|iphone 12 pro max|iphone 12 pro max 256 gb|iphone 12 pro max carrier locked|iphone 12 pro max locked,Cracked Back = $60 off / Cracked Lens = $40 off / Bad Face ID = ASK / Bad Back Camera = $80 off - - - HEAVY SCRATCHING / DEGRADED BATTERY % / Repair Message(s) = EXTRA DEDUCTION
iphone,apple,iphone_12_pro_max__carrier_locked,iphone 12 pro max,,,,512gb,carrier_locked,b,iPhone Used,140.00,196.00,156.80,172.48,"{""a"":150.0,""b"":140.0,""c"":105.0,""d"":75.0,""doa"":38.0}","{""bad_back_camera"":{""kind"":""flat_usd"",""value"":80.0},""bad_face_id"":{""kind"":""manual"",""reason"":""ask""},""battery_under_80"":{""kind"":""manual"",""reason"":""extra_deduction""},""cracked_back"":{""kind"":""flat_usd"",""value"":60.0},""cracked_lens"":{""kind"":""flat_usd"",""value"":40.0},""heavy_scratching"":{""kind"":""manual"",""reason"":""extra_deduction""},""repair_message"":{""kind"":""manual"",""reason"":""extra_deduction""}}",12 pro max|iphone 12 pm|iphone 12 pro max|iphone 12 pro max 512 gb|iphone 12 pro max carrier locked|iphone 12 pro max locked,Cracked Back = $60 off / Cracked Lens = $40 off / Bad Face ID = ASK / Bad Back Camera = $80 off - - - HEAVY SCRATCHING / DEGRADED BATTERY % / Repair Message(s) = EXTRA DEDUCTION
iphone,apple,iphone_12_pro_max__unlocked,iphone 12 pro max,,,,128gb,unlocked,b,iPhone Used,220.00,308.00,246.40,271.04,"{""a"":235.0,""b"":220.0,""c"":135.0,""d"":100.0,""doa"":38.0}","{""bad_back_camera"":{""kind"":""flat_usd"",""value"":80.0},""bad_face_id"":{""kind"":""manual"",""reason"":""ask""},""battery_under_80"":{""kind"":""manual"",""reason"":""extra_deduction""},""cracked_back"":{""kind"":""flat_usd"",""value"":60.0},""cracked_lens"":{""kind"":""flat_usd"",""value"":40.0},""heavy_scratching"":{""kind"":""manual"",""reason"":""extra_deduction""},""repair_message"":{""kind"":""manual"",""reason"":""extra_deduction""}}",12 pro max|iphone 12 pm|iphone 12 pro max|iphone 12 pro max 128 gb|iphone 12 pro max unlocked,Cracked Back = $60 off / Cracked Lens = $40 off / Bad Face ID = ASK / Bad Back Camera = $80 off - - - HEAVY SCRATCHING / DEGRADED BATTERY % / Repair Message(s) = EXTRA DEDUCTION
iphone,apple,iphone_12_pro_max__unlocked,iphone 12 pro max,,,,256gb,unlocked,b,iPhone Used,240.00,336.00,268.80,295.68,"{""a"":255.0,""b"":240.0,""c"":150.0,""d"":110.0,""doa"":38.0}","{""bad_back_camera"":{""kind"":""flat_usd"",""value"":80.0},""bad_face_id"":{""kind"":""manual"",""reason"":""ask""},""battery_under_80"":{""kind"":""manual"",""reason"":""extra_deduction""},""cracked_back"":{""kind"":""flat_usd"",""value"":60.0},""cracked_lens"":{""kind"":""flat_usd"",""value"":40.0},""heavy_scratching"":{""kind"":""manual"",""reason"":""extra_deduction""},""repair_message"":{""kind"":""manual"",""reason"":""extra_deduction""}}",12 pro max|iphone 12 pm|iphone 12 pro max|iphone 12 pro max 256 gb|iphone 12 pro max unlocked,Cracked Back = $60 off / Cracked Lens = $40 off / Bad Face ID = ASK / Bad Back Camera = $80 off - - - HEAVY SCRATCHING / DEGRADED BATTERY % / Repair Message(s) = EXTRA DEDUCTION
iphone,apple,iphone_12_pro_max__unlocked,iphone 12 pro max,,,,512gb,unlocked,b,iPhone Used,255.00,357.00,285.60,314.16,"{""a"":270.0,""b"":255.0,""c"":150.0,""d"":110.0,""doa"":38.0}","{""bad_back_camera"":{""kind"":""flat_usd"",""value"":80.0},""bad_face_id"":{""kind"":""manual"",""reason"":""ask""},""battery_under_80"":{""kind"":""manual"",""reason"":""extra_deduction""},""cracked_back"":{""kind"":""flat_usd"",""value"":60.0},""cracked_lens"":{""kind"":""flat_usd"",""value"":40.0},""heavy_scratching"":{""kind"":""manual"",""reason"":""extra_deduction""},""repair_message"":{""kind"":""manual"",""reason"":""extra_deduction""}}",12 pro max|iphone 12 pm|iphone 12 pro max|iphone 12 pro max 512 gb|iphone 12 pro max unlocked,Cracked Back = $60 off / Cracked Lens = $40 off / Bad Face ID = ASK / Bad Back Camera = $80 off - - - HEAVY SCRATCHING / DEGRADED BATTERY % / Repair Message(s) = EXTRA DEDUCTION
iphone,apple,iphone_13__carrier_locked,iphone 13,,,,128gb,carrier_locked,b,iPhone Used,125.00,175.00,140.00,154.00,"{""a"":140.0,""b"":125.0,""c"":75.0,""d"":65.0,""doa"":20.0}","{""bad_back_camera"":{""kind"":""manual"",""reason"":""ask""},""bad_face_id"":{""kind"":""manual"",""reason"":""ask""},""battery_under_80"":{""kind"":""manual"",""reason"":""extra_deduction""},""cracked_back"":{""kind"":""flat_usd"",""value"":50.0},""cracked_lens"":{""kind"":""flat_usd"",""value"":40.0},""heavy_scratching"":{""kind"":""manual"",""reason"":""extra_deduction""},""repair_message"":{""kind"":""manual"",""reason"":""extra_deduction""}}",iphone 13|iphone 13 128 gb|iphone 13 carrier locked|iphone 13 locked,Cracked Back = $50 off / Cracked Lens = $40 off / Bad Face ID = ASK / Bad Back Camera = ASK - - - HEAVY SCRATCHING / DEGRADED BATTERY % / Repair Message(s) = EXTRA DEDUCTION
iphone,apple,iphone_13__carrier_locked,iphone 13,,,,256gb,carrier_locked,b,iPhone Used,135.00,189.00,151.20,166.32,"{""a"":150.0,""b"":135.0,""c"":85.0,""d"":70.0,""doa"":20.0}","{""bad_back_camera"":{""kind"":""manual"",""reason"":""ask""},""bad_face_id"":{""kind"":""manual"",""reason"":""ask""},""battery_under_80"":{""kind"":""manual"",""reason"":""extra_deduction""},""cracked_back"":{""kind"":""flat_usd"",""value"":50.0},""cracked_lens"":{""kind"":""flat_usd"",""value"":40.0},""heavy_scratching"":{""kind"":""manual"",""reason"":""extra_deduction""},""repair_message"":{""kind"":""manual"",""reason"":""extra_deduction""}}",iphone 13|iphone 13 256 gb|iphone 13 carrier locked|iphone 13 locked,Cracked Back = $50 off / Cracked Lens = $40 off / Bad Face ID = ASK / Bad Back Camera = ASK - - - HEAVY SCRATCHING / DEGRADED BATTERY % / Repair Message(s) = EXTRA DEDUCTION
iphone,apple,iphone_13__carrier_locked,iphone 13,,,,512gb,carrier_locked,b,iPhone Used,145.00,203.00,162.40,178.64,"{""a"":160.0,""b"":145.0,""c"":95.0,""d"":80.0,""doa"":20.0}","{""bad_back_camera"":{""kind"":""manual"",""reason"":""ask""},""bad_face_id"":{""kind"":""manual"",""reason"":""ask""},""battery_under_80"":{""kind"":""manual"",""reason"":""extra_deduction""},""cracked_back"":{""kind"":""flat_usd"",""value"":50.0},""cracked_lens"":{""kind"":""flat_usd"",""value"":40.0},""heavy_scratching"":{""kind"":""manual"",""reason"":""extra_deduction""},""repair_message"":{""kind"":""manual"",""reason"":""extra_deduction""}}",iphone 13|iphone 13 512 gb|iphone 13 carrier locked|iphone 13 locked,Cracked Back = $50 off / Cracked Lens = $40 off / Bad Face ID = ASK / Bad Back Camera = ASK - - - HEAVY SCRATCHING / DEGRADED BATTERY % / Repair Message(s) = EXTRA DEDUCTION
iphone,apple,iphone_13__unlocked,iphone 13,,,,128gb,unlocked,b,iPhone Used,185.00,259.00,207.20,227.92,"{""a"":200.0,""b"":185.0,""c"":140.0,""d"":95.0,""doa"":20.0}","{""bad_back_camera"":{""kind"":""manual"",""reason"":""ask""},""bad_face_id"":{""kind"":""manual"",""reason"":""ask""},""battery_under_80"":{""kind"":""manual"",""reason"":""extra_deduction""},""cracked_back"":{""kind"":""flat_usd"",""value"":50.0},""cracked_lens"":{""kind"":""flat_usd"",""value"":40.0},""heavy_scratching"":{""kind"":""manual"",""reason"":""extra_deduction""},""repair_message"":{""kind"":""manual"",""reason"":""extra_deduction""}}",iphone 13|iphone 13 128 gb|iphone 13 unlocked,Cracked Back = $50 off / Cracked Lens = $40 off / Bad Face ID = ASK / Bad Back Camera = ASK - - - HEAVY SCRATCHING / DEGRADED BATTERY % / Repair Message(s) = EXTRA DEDUCTION
iphone,apple,iphone_13__unlocked,iphone 13,,,,256gb,unlocked,b,iPhone Used,205.00,287.00,229.60,252.56,"{""a"":220.0,""b"":205.0,""c"":150.0,""d"":110.0,""doa"":20.0}","{""bad_back_camera"":{""kind"":""manual"",""reason"":""ask""},""bad_face_id"":{""kind"":""manual"",""reason"":""ask""},""battery_under_80"":{""kind"":""manual"",""reason"":""extra_deduction""},""cracked_back"":{""kind"":""flat_usd"",""value"":50.0},""cracked_lens"":{""kind"":""flat_usd"",""value"":40.0},""heavy_scratching"":{""kind"":""manual"",""reason"":""extra_deduction""},""repair_message"":{""kind"":""manual"",""reason"":""extra_deduction""}}",iphone 13|iphone 13 256 gb|iphone 13 unlocked,Cracked Back = $50 off / Cracked Lens = $40 off / Bad Face ID = ASK / Bad Back Camera = ASK - - - HEAVY SCRATCHING / DEGRADED BATTERY % / Repair Message(s) = EXTRA DEDUCTION
iphone,apple,iphone_13__unlocked,iphone 13,,,,512gb,unlocked,b,iPhone Used,215.00,301.00,240.80,264.88,"{""a"":230.0,""b"":215.0,""c"":155.0,""d"":110.0,""doa"":20.0}","{""bad_back_camera"":{""kind"":""manual"",""reason"":""ask""},""bad_face_id"":{""kind"":""manual"",""reason"":""ask""},""battery_under_80"":{""kind"":""manual"",""reason"":""extra_deduction""},""cracked_back"":{""kind"":""flat_usd"",""value"":50.0},""cracked_lens"":{""kind"":""flat_usd"",""value"":40.0},""heavy_scratching"":{""kind"":""manual"",""reason"":""extra_deduction""},""repair_message"":{""kind"":""manual"",""reason"":""extra_deduction""}}",iphone 13|iphone 13 512 gb|iphone 13 unlocked,Cracked Back = $50 off / Cracked Lens = $40 off / Bad Face ID = ASK / Bad Back Camera = ASK - - - HEAVY SCRATCHING / DEGRADED BATTERY % / Repair Message(s) = EXTRA DEDUCTION
iphone,apple,iphone_13_mini__carrier_locked,iphone 13 mini,,,,128gb,carrier_locked,b,iPhone Used,85.00,119.00,95.20,104.72,"{""a"":90.0,""b"":85.0,""c"":40.0,""d"":30.0,""doa"":17.0}","{""bad_back_camera"":{""kind"":""manual"",""reason"":""ask""},""bad_face_id"":{""kind"":""manual"",""reason"":""ask""},""battery_under_80"":{""kind"":""manual"",""reason"":""extra_deduction""},""cracked_back"":{""kind"":""flat_usd"",""value"":40.0},""cracked_lens"":{""kind"":""flat_usd"",""value"":40.0},""heavy_scratching"":{""kind"":""manual"",""reason"":""extra_deduction""},""repair_message"":{""kind"":""manual"",""reason"":""extra_deduction""}}",13 mini|iphone 13 mini|iphone 13 mini 128 gb|iphone 13 mini carrier locked|iphone 13 mini locked,Cracked Back = $40 off / Cracked Lens = $40 off / Bad Face ID = ASK / Bad Back Camera = ASK - - - HEAVY SCRATCHING / DEGRADED BATTERY % / Repair Message(s) = EXTRA DEDUCTION
iphone,apple,iphone_13_mini__carrier_locked,iphone 13 mini,,,,256gb,carrier_locked,b,iPhone Used,100.00,140.00,112.00,123.20,"{""a"":105.0,""b"":100.0,""c"":50.0,""d"":40.0,""doa"":17.0}","{""bad_back_camera"":{""kind"":""manual"",""reason"":""ask""},""bad_face_id"":{""kind"":""manual"",""reason"":""ask""},""battery_under_80"":{""kind"":""manual"",""reason"":""extra_deduction""},""cracked_back"":{""kind"":""flat_usd"",""value"":40.0},""cracked_lens"":{""kind"":""flat_usd"",""value"":40.0},""heavy_scratching"":{""kind"":""manual"",""reason"":""extra_deduction""},""repair_message"":{""kind"":""manual"",""reason"":""extra_deduction""}}",13 mini|iphone 13 mini|iphone 13 mini 256 gb|iphone 13 mini carrier locked|iphone 13 mini locked,Cracked Back = $40 off / Cracked Lens = $40 off / Bad Face ID = ASK / Bad Back Camera = ASK - - - HEAVY SCRATCHING / DEGRADED BATTERY % / Repair Message(s) = EXTRA DEDUCTION
iphone,apple,iphone_13_mini__carrier_locked,iphone 13 mini,,,,512gb,carrier_locked,b,iPhone Used,100.00,140.00,112.00,123.20,"{""a"":105.0,""b"":100.0,""c"":55.0,""d"":45.0,""doa"":17.0}","{""bad_back_camera"":{""kind"":""manual"",""reason"":""ask""},""bad_face_id"":{""kind"":""manual"",""reason"":""ask""},""battery_under_80"":{""kind"":""manual"",""reason"":""extra_deduction""},""cracked_back"":{""kind"":""flat_usd"",""value"":40.0},""cracked_lens"":{""kind"":""flat_usd"",""value"":40.0},""heavy_scratching"":{""kind"":""manual"",""reason"":""extra_deduction""},""repair_message"":{""kind"":""manual"",""reason"":""extra_deduction""}}",13 mini|iphone 13 mini|iphone 13 mini 512 gb|iphone 13 mini carrier locked|iphone 13 mini locked,Cracked Back = $40 off / Cracked Lens = $40 off / Bad Face ID = ASK / Bad Back Camera = ASK - - - HEAVY SCRATCHING / DEGRADED BATTERY % / Repair Message(s) = EXTRA DEDUCTION
iphone,apple,iphone_13_mini__unlocked,iphone 13 mini,,,,128gb,unlocked,b,iPhone Used,135.00,189.00,151.20,166.32,"{""a"":150.0,""b"":135.0,""c"":90.0,""d"":50.0,""doa"":17.0}","{""bad_back_camera"":{""kind"":""manual"",""reason"":""ask""},""bad_face_id"":{""kind"":""manual"",""reason"":""ask""},""battery_under_80"":{""kind"":""manual"",""reason"":""extra_deduction""},""cracked_back"":{""kind"":""flat_usd"",""value"":40.0},""cracked_lens"":{""kind"":""flat_usd"",""value"":40.0},""heavy_scratching"":{""kind"":""manual"",""reason"":""extra_deduction""},""repair_message"":{""kind"":""manual"",""reason"":""extra_deduction""}}",13 mini|iphone 13 mini|iphone 13 mini 128 gb|iphone 13 mini unlocked,Cracked Back = $40 off / Cracked Lens = $40 off / Bad Face ID = ASK / Bad Back Camera = ASK - - - HEAVY SCRATCHING / DEGRADED BATTERY % / Repair Message(s) = EXTRA DEDUCTION
iphone,apple,iphone_13_mini__unlocked,iphone 13 mini,,,,256gb,unlocked,b,iPhone Used,150.00,210.00,168.00,184.80,"{""a"":165.0,""b"":150.0,""c"":100.0,""d"":65.0,""doa"":17.0}","{""bad_back_camera"":{""kind"":""manual"",""reason"":""ask""},""bad_face_id"":{""kind"":""manual"",""reason"":""ask""},""battery_under_80"":{""kind"":""manual"",""reason"":""extra_deduction""},""cracked_back"":{""kind"":""flat_usd"",""value"":40.0},""cracked_lens"":{""kind"":""flat_usd"",""value"":40.0},""heavy_scratching"":{""kind"":""manual"",""reason"":""extra_deduction""},""repair_message"":{""kind"":""manual"",""reason"":""extra_deduction""}}",13 mini|iphone 13 mini|iphone 13 mini 256 gb|iphone 13 mini unlocked,Cracked Back = $40 off / Cracked Lens = $40 off / Bad Face ID = ASK / Bad Back Camera = ASK - - - HEAVY SCRATCHING / DEGRADED BATTERY % / Repair Message(s) = EXTRA DEDUCTION
iphone,apple,iphone_13_mini__unlocked,iphone 13 mini,,,,512gb,unlocked,b,iPhone Used,160.00,224.00,179.20,197.12,"{""a"":175.0,""b"":160.0,""c"":100.0,""d"":65.0,""doa"":17.0}","{""bad_back_camera"":{""kind"":""manual"",""reason"":""ask""},""bad_face_id"":{""kind"":""manual"",""reason"":""ask""},""battery_under_80"":{""kind"":""manual"",""reason"":""extra_deduction""},""cracked_back"":{""kind"":""flat_usd"",""value"":40.0},""cracked_lens"":{""kind"":""flat_usd"",""value"":40.0},""heavy_scratching"":{""kind"":""manual"",""reason"":""extra_deduction""},""repair_message"":{""kind"":""manual"",""reason"":""extra_deduction""}}",13 mini|iphone 13 mini|iphone 13 mini 512 gb|iphone 13 mini unlocked,Cracked Back = $40 off / Cracked Lens = $40 off / Bad Face ID = ASK / Bad Back Camera = ASK - - - HEAVY SCRATCHING / DEGRADED BATTERY % / Repair Message(s) = EXTRA DEDUCTION
iphone,apple,iphone_13_pro__carrier_locked,iphone 13 pro,,,,128gb,carrier_locked,b,iPhone Used,170.00,238.00,190.40,209.44,"{""a"":180.0,""b"":170.0,""c"":140.0,""d"":85.0,""doa"":45.0}","{""bad_back_camera"":{""kind"":""manual"",""reason"":""ask""},""bad_face_id"":{""kind"":""manual"",""reason"":""ask""},""battery_under_80"":{""kind"":""manual"",""reason"":""extra_deduction""},""cracked_back"":{""kind"":""flat_usd"",""value"":60.0},""cracked_lens"":{""kind"":""flat_usd"",""value"":40.0},""heavy_scratching"":{""kind"":""manual"",""reason"":""extra_deduction""},""repair_message"":{""kind"":""manual"",""reason"":""extra_deduction""}}",13 pro|iphone 13 pro|iphone 13 pro 128 gb|iphone 13 pro carrier locked|iphone 13 pro locked,Cracked Back = $60 off / Cracked Lens = $40 off / Bad Face ID = ASK / Bad Back Camera = ASK - - - HEAVY SCRATCHING / DEGRADED BATTERY % / Repair Message(s) = EXTRA DEDUCTION
iphone,apple,iphone_13_pro__carrier_locked,iphone 13 pro,,,,256gb,carrier_locked,b,iPhone Used,180.00,252.00,201.60,221.76,"{""a"":195.0,""b"":180.0,""c"":155.0,""d"":100.0,""doa"":45.0}","{""bad_back_camera"":{""kind"":""manual"",""reason"":""ask""},""bad_face_id"":{""kind"":""manual"",""reason"":""ask""},""battery_under_80"":{""kind"":""manual"",""reason"":""extra_deduction""},""cracked_back"":{""kind"":""flat_usd"",""value"":60.0},""cracked_lens"":{""kind"":""flat_usd"",""value"":40.0},""heavy_scratching"":{""kind"":""manual"",""reason"":""extra_deduction""},""repair_message"":{""kind"":""manual"",""reason"":""extra_deduction""}}",13 pro|iphone 13 pro|iphone 13 pro 256 gb|iphone 13 pro carrier locked|iphone 13 pro locked,Cracked Back = $60 off / Cracked Lens = $40 off / Bad Face ID = ASK / Bad Back Camera = ASK - - - HEAVY SCRATCHING / DEGRADED BATTERY % / Repair Message(s) = EXTRA DEDUCTION
iphone,apple,iphone_13_pro__carrier_locked,iphone 13 pro,,,,512gb,carrier_locked,b,iPhone Used,190.00,266.00,212.80,234.08,"{""a"":205.0,""b"":190.0,""c"":165.0,""d"":110.0,""doa"":45.0}","{""bad_back_camera"":{""kind"":""manual"",""reason"":""ask""},""bad_face_id"":{""kind"":""manual"",""reason"":""ask""},""battery_under_80"":{""kind"":""manual"",""reason"":""extra_deduction""},""cracked_back"":{""kind"":""flat_usd"",""value"":60.0},""cracked_lens"":{""kind"":""flat_usd"",""value"":40.0},""heavy_scratching"":{""kind"":""manual"",""reason"":""extra_deduction""},""repair_message"":{""kind"":""manual"",""reason"":""extra_deduction""}}",13 pro|iphone 13 pro|iphone 13 pro 512 gb|iphone 13 pro carrier locked|iphone 13 pro locked,Cracked Back = $60 off / Cracked Lens = $40 off / Bad Face ID = ASK / Bad Back Camera = ASK - - - HEAVY SCRATCHING / DEGRADED BATTERY % / Repair Message(s) = EXTRA DEDUCTION
iphone,apple,iphone_13_pro__carrier_locked,iphone 13 pro,,,,1tb,carrier_locked,b,iPhone Used,200.00,280.00,224.00,246.40,"{""a"":210.0,""b"":200.0,""c"":165.0,""d"":110.0,""doa"":45.0}","{""bad_back_camera"":{""kind"":""manual"",""reason"":""ask""},""bad_face_id"":{""kind"":""manual"",""reason"":""ask""},""battery_under_80"":{""kind"":""manual"",""reason"":""extra_deduction""},""cracked_back"":{""kind"":""flat_usd"",""value"":60.0},""cracked_lens"":{""kind"":""flat_usd"",""value"":40.0},""heavy_scratching"":{""kind"":""manual"",""reason"":""extra_deduction""},""repair_message"":{""kind"":""manual"",""reason"":""extra_deduction""}}",13 pro|iphone 13 pro|iphone 13 pro 1 tb|iphone 13 pro carrier locked|iphone 13 pro locked,Cracked Back = $60 off / Cracked Lens = $40 off / Bad Face ID = ASK / Bad Back Camera = ASK - - - HEAVY SCRATCHING / DEGRADED BATTERY % / Repair Message(s) = EXTRA DEDUCTION
iphone,apple,iphone_13_pro__unlocked,iphone 13 pro,,,,128gb,unlocked,b,iPhone Used,240.00,336.00,268.80,295.68,"{""a"":260.0,""b"":240.0,""c"":180.0,""d"":145.0,""doa"":45.0}","{""bad_back_camera"":{""kind"":""manual"",""reason"":""ask""},""bad_face_id"":{""kind"":""manual"",""reason"":""ask""},""battery_under_80"":{""kind"":""manual"",""reason"":""extra_deduction""},""cracked_back"":{""kind"":""flat_usd"",""value"":60.0},""cracked_lens"":{""kind"":""flat_usd"",""value"":40.0},""heavy_scratching"":{""kind"":""manual"",""reason"":""extra_deduction""},""repair_message"":{""kind"":""manual"",""reason"":""extra_deduction""}}",13 pro|iphone 13 pro|iphone 13 pro 128 gb|iphone 13 pro unlocked,Cracked Back = $60 off / Cracked Lens = $40 off / Bad Face ID = ASK / Bad Back Camera = ASK - - - HEAVY SCRATCHING / DEGRADED BATTERY % / Repair Message(s) = EXTRA DEDUCTION
iphone,apple,iphone_13_pro__unlocked,iphone 13 pro,,,,256gb,unlocked,b,iPhone Used,260.00,364.00,291.20,320.32,"{""a"":280.0,""b"":260.0,""c"":195.0,""d"":160.0,""doa"":45.0}","{""bad_back_camera"":{""kind"":""manual"",""reason"":""ask""},""bad_face_id"":{""kind"":""manual"",""reason"":""ask""},""battery_under_80"":{""kind"":""manual"",""reason"":""extra_deduction""},""cracked_back"":{""kind"":""flat_usd"",""value"":60.0},""cracked_lens"":{""kind"":""flat_usd"",""value"":40.0},""heavy_scratching"":{""kind"":""manual"",""reason"":""extra_deduction""},""repair_message"":{""kind"":""manual"",""reason"":""extra_deduction""}}",13 pro|iphone 13 pro|iphone 13 pro 256 gb|iphone 13 pro unlocked,Cracked Back = $60 off / Cracked Lens = $40 off / Bad Face ID = ASK / Bad Back Camera = ASK - - - HEAVY SCRATCHING / DEGRADED BATTERY % / Repair Message(s) = EXTRA DEDUCTION
iphone,apple,iphone_13_pro__unlocked,iphone 13 pro,,,,512gb,unlocked,b,iPhone Used,280.00,392.00,313.60,344.96,"{""a"":300.0,""b"":280.0,""c"":215.0,""d"":160.0,""doa"":45.0}","{""bad_back_camera"":{""kind"":""manual"",""reason"":""ask""},""bad_face_id"":{""kind"":""manual"",""reason"":""ask""},""battery_under_80"":{""kind"":""manual"",""reason"":""extra_deduction""},""cracked_back"":{""kind"":""flat_usd"",""value"":60.0},""cracked_lens"":{""kind"":""flat_usd"",""value"":40.0},""heavy_scratching"":{""kind"":""manual"",""reason"":""extra_deduction""},""repair_message"":{""kind"":""manual"",""reason"":""extra_deduction""}}",13 pro|iphone 13 pro|iphone 13 pro 512 gb|iphone 13 pro unlocked,Cracked Back = $60 off / Cracked Lens = $40 off / Bad Face ID = ASK / Bad Back Camera = ASK - - - HEAVY SCRATCHING / DEGRADED BATTERY % / Repair Message(s) = EXTRA DEDUCTION
iphone,apple,iphone_13_pro__unlocked,iphone 13 pro,,,,1tb,unlocked,b,iPhone Used,290.00,406.00,324.80,357.28,"{""a"":310.0,""b"":290.0,""c"":215.0,""d"":160.0,""doa"":45.0}","{""bad_back_camera"":{""kind"":""manual"",""reason"":""ask""},""bad_face_id"":{""kind"":""manual"",""reason"":""ask""},""battery_under_80"":{""kind"":""manual"",""reason"":""extra_deduction""},""cracked_back"":{""kind"":""flat_usd"",""value"":60.0},""cracked_lens"":{""kind"":""flat_usd"",""value"":40.0},""heavy_scratching"":{""kind"":""manual"",""reason"":""extra_deduction""},""repair_message"":{""kind"":""manual"",""reason"":""extra_deduction""}}",13 pro|iphone 13 pro|iphone 13 pro 1 tb|iphone 13 pro unlocked,Cracked Back = $60 off / Cracked Lens = $40 off / Bad Face ID = ASK / Bad Back Camera = ASK - - - HEAVY SCRATCHING / DEGRADED BATTERY % / Repair Message(s) = EXTRA DEDUCTION
iphone,apple,iphone_13_pro_max__carrier_locked,iphone 13 pro max,,,,128gb,carrier_locked,b,iPhone Used,230.00,322.00,257.60,283.36,"{""a"":240.0,""b"":230.0,""c"":170.0,""d"":110.0,""doa"":45.0}","{""bad_back_camera"":{""kind"":""manual"",""reason"":""ask""},""bad_face_id"":{""kind"":""manual"",""reason"":""ask""},""battery_under_80"":{""kind"":""manual"",""reason"":""extra_deduction""},""cracked_back"":{""kind"":""flat_usd"",""value"":70.0},""cracked_lens"":{""kind"":""flat_usd"",""value"":50.0},""heavy_scratching"":{""kind"":""manual"",""reason"":""extra_deduction""},""repair_message"":{""kind"":""manual"",""reason"":""extra_deduction""}}",13 pro max|iphone 13 pm|iphone 13 pro max|iphone 13 pro max 128 gb|iphone 13 pro max carrier locked|iphone 13 pro max locked,Cracked Back = $70 off / Cracked Lens = $50 off / Bad Face ID = ASK / Bad Back Camera = ASK - - - HEAVY SCRATCHING / DEGRADED BATTERY % / Repair Message(s) = EXTRA DEDUCTION
iphone,apple,iphone_13_pro_max__carrier_locked,iphone 13 pro max,,,,256gb,carrier_locked,b,iPhone Used,240.00,336.00,268.80,295.68,"{""a"":250.0,""b"":240.0,""c"":185.0,""d"":125.0,""doa"":45.0}","{""bad_back_camera"":{""kind"":""manual"",""reason"":""ask""},""bad_face_id"":{""kind"":""manual"",""reason"":""ask""},""battery_under_80"":{""kind"":""manual"",""reason"":""extra_deduction""},""cracked_back"":{""kind"":""flat_usd"",""value"":70.0},""cracked_lens"":{""kind"":""flat_usd"",""value"":50.0},""heavy_scratching"":{""kind"":""manual"",""reason"":""extra_deduction""},""repair_message"":{""kind"":""manual"",""reason"":""extra_deduction""}}",13 pro max|iphone 13 pm|iphone 13 pro max|iphone 13 pro max 256 gb|iphone 13 pro max carrier locked|iphone 13 pro max locked,Cracked Back = $70 off / Cracked Lens = $50 off / Bad Face ID = ASK / Bad Back Camera = ASK - - - HEAVY SCRATCHING / DEGRADED BATTERY % / Repair Message(s) = EXTRA DEDUCTION
iphone,apple,iphone_13_pro_max__carrier_locked,iphone 13 pro max,,,,512gb,carrier_locked,b,iPhone Used,250.00,350.00,280.00,308.00,"{""a"":260.0,""b"":250.0,""c"":195.0,""d"":145.0,""doa"":45.0}","{""bad_back_camera"":{""kind"":""manual"",""reason"":""ask""},""bad_face_id"":{""kind"":""manual"",""reason"":""ask""},""battery_under_80"":{""kind"":""manual"",""reason"":""extra_deduction""},""cracked_back"":{""kind"":""flat_usd"",""value"":70.0},""cracked_lens"":{""kind"":""flat_usd"",""value"":50.0},""heavy_scratching"":{""kind"":""manual"",""reason"":""extra_deduction""},""repair_message"":{""kind"":""manual"",""reason"":""extra_deduction""}}",13 pro max|iphone 13 pm|iphone 13 pro max|iphone 13 pro max 512 gb|iphone 13 pro max carrier locked|iphone 13 pro max locked,Cracked Back = $70 off / Cracked Lens = $50 off / Bad Face ID = ASK / Bad Back Camera = ASK - - - HEAVY SCRATCHING / DEGRADED BATTERY % / Repair Message(s) = EXTRA DEDUCTION
iphone,apple,iphone_13_pro_max__carrier_locked,iphone 13 pro max,,,,1tb,carrier_locked,b,iPhone Used,250.00,350.00,280.00,308.00,"{""a"":260.0,""b"":250.0,""c"":195.0,""d"":145.0,""doa"":45.0}","{""bad_back_camera"":{""kind"":""manual"",""reason"":""ask""},""bad_face_id"":{""kind"":""manual"",""reason"":""ask""},""battery_under_80"":{""kind"":""manual"",""reason"":""extra_deduction""},""cracked_back"":{""kind"":""flat_usd"",""value"":70.0},""cracked_lens"":{""kind"":""flat_usd"",""value"":50.0},""heavy_scratching"":{""kind"":""manual"",""reason"":""extra_deduction""},""repair_message"":{""kind"":""manual"",""reason"":""extra_deduction""}}",13 pro max|iphone 13 pm|iphone 13 pro max|iphone 13 pro max 1 tb|iphone 13 pro max carrier locked|iphone 13 pro max locked,Cracked Back = $70 off / Cracked Lens = $50 off / Bad Face ID = ASK / Bad Back Camera = ASK - - - HEAVY SCRATCHING / DEGRADED BATTERY % / Repair Message(s) = EXTRA DEDUCTION
iphone,apple,iphone_13_pro_max__unlocked,iphone 13 pro max,,,,128gb,unlocked,b,iPhone Used,285.00,399.00,319.20,351.12,"{""a"":305.0,""b"":285.0,""c"":215.0,""d"":175.0,""doa"":45.0}","{""bad_back_camera"":{""kind"":""manual"",""reason"":""ask""},""bad_face_id"":{""kind"":""manual"",""reason"":""ask""},""battery_under_80"":{""kind"":""manual"",""reason"":""extra_deduction""},""cracked_back"":{""kind"":""flat_usd"",""value"":70.0},""cracked_lens"":{""kind"":""flat_usd"",""value"":50.0},""heavy_scratching"":{""kind"":""manual"",""reason"":""extra_deduction""},""repair_message"":{""kind"":""manual"",""reason"":""extra_deduction""}}",13 pro max|iphone 13 pm|iphone 13 pro max|iphone 13 pro max 128 gb|iphone 13 pro max unlocked,Cracked Back = $70 off / Cracked Lens = $50 off / Bad Face ID = ASK / Bad Back Camera = ASK - - - HEAVY SCRATCHING / DEGRADED BATTERY % / Repair Message(s) = EXTRA DEDUCTION
iphone,apple,iphone_13_pro_max__unlocked,iphone 13 pro max,,,,256gb,unlocked,b,iPhone Used,305.00,427.00,341.60,375.76,"{""a"":325.0,""b"":305.0,""c"":235.0,""d"":195.0,""doa"":45.0}","{""bad_back_camera"":{""kind"":""manual"",""reason"":""ask""},""bad_face_id"":{""kind"":""manual"",""reason"":""ask""},""battery_under_80"":{""kind"":""manual"",""reason"":""extra_deduction""},""cracked_back"":{""kind"":""flat_usd"",""value"":70.0},""cracked_lens"":{""kind"":""flat_usd"",""value"":50.0},""heavy_scratching"":{""kind"":""manual"",""reason"":""extra_deduction""},""repair_message"":{""kind"":""manual"",""reason"":""extra_deduction""}}",13 pro max|iphone 13 pm|iphone 13 pro max|iphone 13 pro max 256 gb|iphone 13 pro max unlocked,Cracked Back = $70 off / Cracked Lens = $50 off / Bad Face ID = ASK / Bad Back Camera = ASK - - - HEAVY SCRATCHING / DEGRADED BATTERY % / Repair Message(s) = EXTRA DEDUCTION
iphone,apple,iphone_13_pro_max__unlocked,iphone 13 pro max,,,,512gb,unlocked,b,iPhone Used,325.00,455.00,364.00,400.40,"{""a"":345.0,""b"":325.0,""c"":255.0,""d"":205.0,""doa"":45.0}","{""bad_back_camera"":{""kind"":""manual"",""reason"":""ask""},""bad_face_id"":{""kind"":""manual"",""reason"":""ask""},""battery_under_80"":{""kind"":""manual"",""reason"":""extra_deduction""},""cracked_back"":{""kind"":""flat_usd"",""value"":70.0},""cracked_lens"":{""kind"":""flat_usd"",""value"":50.0},""heavy_scratching"":{""kind"":""manual"",""reason"":""extra_deduction""},""repair_message"":{""kind"":""manual"",""reason"":""extra_deduction""}}",13 pro max|iphone 13 pm|iphone 13 pro max|iphone 13 pro max 512 gb|iphone 13 pro max unlocked,Cracked Back = $70 off / Cracked Lens = $50 off / Bad Face ID = ASK / Bad Back Camera = ASK - - - HEAVY SCRATCHING / DEGRADED BATTERY % / Repair Message(s) = EXTRA DEDUCTION
iphone,apple,iphone_13_pro_max__unlocked,iphone 13 pro max,,,,1tb,unlocked,b,iPhone Used,345.00,483.00,386.40,425.04,"{""a"":365.0,""b"":345.0,""c"":300.0,""d"":215.0,""doa"":45.0}","{""bad_back_camera"":{""kind"":""manual"",""reason"":""ask""},""bad_face_id"":{""kind"":""manual"",""reason"":""ask""},""battery_under_80"":{""kind"":""manual"",""reason"":""extra_deduction""},""cracked_back"":{""kind"":""flat_usd"",""value"":70.0},""cracked_lens"":{""kind"":""flat_usd"",""value"":50.0},""heavy_scratching"":{""kind"":""manual"",""reason"":""extra_deduction""},""repair_message"":{""kind"":""manual"",""reason"":""extra_deduction""}}",13 pro max|iphone 13 pm|iphone 13 pro max|iphone 13 pro max 1 tb|iphone 13 pro max unlocked,Cracked Back = $70 off / Cracked Lens = $50 off / Bad Face ID = ASK / Bad Back Camera = ASK - - - HEAVY SCRATCHING / DEGRADED BATTERY % / Repair Message(s) = EXTRA DEDUCTION
iphone,apple,iphone_14__carrier_locked,iphone 14,,,,128gb,carrier_locked,b,iPhone Used,130.00,182.00,145.60,160.16,"{""a"":135.0,""b"":130.0,""c"":95.0,""d"":65.0,""doa"":30.0}","{""bad_back_camera"":{""kind"":""manual"",""reason"":""ask""},""bad_face_id"":{""kind"":""manual"",""reason"":""parts""},""battery_under_80"":{""kind"":""manual"",""reason"":""extra_deduction""},""cracked_back"":{""kind"":""flat_usd"",""value"":50.0},""cracked_lens"":{""kind"":""flat_usd"",""value"":40.0},""heavy_scratching"":{""kind"":""manual"",""reason"":""extra_deduction""},""repair_message"":{""kind"":""manual"",""reason"":""extra_deduction""}}",iphone 14|iphone 14 128 gb|iphone 14 carrier locked|iphone 14 locked,Cracked Back = $50 off / Cracked Lens = $40 off / Bad Face ID = Parts / Bad Back Camera = ASK - - - HEAVY SCRATCHING / DEGRADED BATTERY % / Repair Message(s) = EXTRA DEDUCTION
iphone,apple,iphone_14__carrier_locked,iphone 14,,,,256gb,carrier_locked,b,iPhone Used,130.00,182.00,145.60,160.16,"{""a"":145.0,""b"":130.0,""c"":105.0,""d"":75.0,""doa"":30.0}","{""bad_back_camera"":{""kind"":""manual"",""reason"":""ask""},""bad_face_id"":{""kind"":""manual"",""reason"":""parts""},""battery_under_80"":{""kind"":""manual"",""reason"":""extra_deduction""},""cracked_back"":{""kind"":""flat_usd"",""value"":50.0},""cracked_lens"":{""kind"":""flat_usd"",""value"":40.0},""heavy_scratching"":{""kind"":""manual"",""reason"":""extra_deduction""},""repair_message"":{""kind"":""manual"",""reason"":""extra_deduction""}}",iphone 14|iphone 14 256 gb|iphone 14 carrier locked|iphone 14 locked,Cracked Back = $50 off / Cracked Lens = $40 off / Bad Face ID = Parts / Bad Back Camera = ASK - - - HEAVY SCRATCHING / DEGRADED BATTERY % / Repair Message(s) = EXTRA DEDUCTION
iphone,apple,iphone_14__carrier_locked,iphone 14,,,,512gb,carrier_locked,b,iPhone Used,140.00,196.00,156.80,172.48,"{""a"":150.0,""b"":140.0,""c"":110.0,""d"":80.0,""doa"":30.0}","{""bad_back_camera"":{""kind"":""manual"",""reason"":""ask""},""bad_face_id"":{""kind"":""manual"",""reason"":""parts""},""battery_under_80"":{""kind"":""manual"",""reason"":""extra_deduction""},""cracked_back"":{""kind"":""flat_usd"",""value"":50.0},""cracked_lens"":{""kind"":""flat_usd"",""value"":40.0},""heavy_scratching"":{""kind"":""manual"",""reason"":""extra_deduction""},""repair_message"":{""kind"":""manual"",""reason"":""extra_deduction""}}",iphone 14|iphone 14 512 gb|iphone 14 carrier locked|iphone 14 locked,Cracked Back = $50 off / Cracked Lens = $40 off / Bad Face ID = Parts / Bad Back Camera = ASK - - - HEAVY SCRATCHING / DEGRADED BATTERY % / Repair Message(s) = EXTRA DEDUCTION
iphone,apple,iphone_14__unlocked,iphone 14,,,,128gb,unlocked,b,iPhone Used,200.00,280.00,224.00,246.40,"{""a"":215.0,""b"":200.0,""c"":155.0,""d"":115.0,""doa"":45.0}","{""bad_back_camera"":{""kind"":""manual"",""reason"":""ask""},""bad_face_id"":{""kind"":""manual"",""reason"":""parts""},""battery_under_80"":{""kind"":""manual"",""reason"":""extra_deduction""},""cracked_back"":{""kind"":""flat_usd"",""value"":50.0},""cracked_lens"":{""kind"":""flat_usd"",""value"":40.0},""heavy_scratching"":{""kind"":""manual"",""reason"":""extra_deduction""},""repair_message"":{""kind"":""manual"",""reason"":""extra_deduction""}}",iphone 14|iphone 14 128 gb|iphone 14 unlocked,Cracked Back = $50 off / Cracked Lens = $40 off / Bad Face ID = Parts / Bad Back Camera = ASK - - - HEAVY SCRATCHING / DEGRADED BATTERY % / Repair Message(s) = EXTRA DEDUCTION
iphone,apple,iphone_14__unlocked,iphone 14,,,,256gb,unlocked,b,iPhone Used,220.00,308.00,246.40,271.04,"{""a"":235.0,""b"":220.0,""c"":175.0,""d"":125.0,""doa"":45.0}","{""bad_back_camera"":{""kind"":""manual"",""reason"":""ask""},""bad_face_id"":{""kind"":""manual"",""reason"":""parts""},""battery_under_80"":{""kind"":""manual"",""reason"":""extra_deduction""},""cracked_back"":{""kind"":""flat_usd"",""value"":50.0},""cracked_lens"":{""kind"":""flat_usd"",""value"":40.0},""heavy_scratching"":{""kind"":""manual"",""reason"":""extra_deduction""},""repair_message"":{""kind"":""manual"",""reason"":""extra_deduction""}}",iphone 14|iphone 14 256 gb|iphone 14 unlocked,Cracked Back = $50 off / Cracked Lens = $40 off / Bad Face ID = Parts / Bad Back Camera = ASK - - - HEAVY SCRATCHING / DEGRADED BATTERY % / Repair Message(s) = EXTRA DEDUCTION
iphone,apple,iphone_14__unlocked,iphone 14,,,,512gb,unlocked,b,iPhone Used,235.00,329.00,263.20,289.52,"{""a"":250.0,""b"":235.0,""c"":175.0,""d"":125.0,""doa"":45.0}","{""bad_back_camera"":{""kind"":""manual"",""reason"":""ask""},""bad_face_id"":{""kind"":""manual"",""reason"":""parts""},""battery_under_80"":{""kind"":""manual"",""reason"":""extra_deduction""},""cracked_back"":{""kind"":""flat_usd"",""value"":50.0},""cracked_lens"":{""kind"":""flat_usd"",""value"":40.0},""heavy_scratching"":{""kind"":""manual"",""reason"":""extra_deduction""},""repair_message"":{""kind"":""manual"",""reason"":""extra_deduction""}}",iphone 14|iphone 14 512 gb|iphone 14 unlocked,Cracked Back = $50 off / Cracked Lens = $40 off / Bad Face ID = Parts / Bad Back Camera = ASK - - - HEAVY SCRATCHING / DEGRADED BATTERY % / Repair Message(s) = EXTRA DEDUCTION
iphone,apple,iphone_14_plus__carrier_locked,iphone 14 plus,,,,128gb,carrier_locked,b,iPhone Used,150.00,210.00,168.00,184.80,"{""a"":165.0,""b"":150.0,""c"":105.0,""d"":60.0,""doa"":45.0}","{""bad_back_camera"":{""kind"":""manual"",""reason"":""ask""},""bad_face_id"":{""kind"":""manual"",""reason"":""parts""},""battery_under_80"":{""kind"":""manual"",""reason"":""extra_deduction""},""cracked_back"":{""kind"":""flat_usd"",""value"":50.0},""cracked_lens"":{""kind"":""flat_usd"",""value"":40.0},""heavy_scratching"":{""kind"":""manual"",""reason"":""extra_deduction""},""repair_message"":{""kind"":""manual"",""reason"":""extra_deduction""}}",14 plus|iphone 14 plus|iphone 14 plus 128 gb|iphone 14 plus carrier locked|iphone 14 plus locked,Cracked Back = $50 off / Cracked Lens = $40 off / Bad Face ID = Parts / Bad Back Camera = ASK - - - HEAVY SCRATCHING / DEGRADED BATTERY % / Repair Message(s) = EXTRA DEDUCTION
iphone,apple,iphone_14_plus__carrier_locked,iphone 14 plus,,,,256gb,carrier_locked,b,iPhone Used,150.00,210.00,168.00,184.80,"{""a"":170.0,""b"":150.0,""c"":105.0,""d"":70.0,""doa"":45.0}","{""bad_back_camera"":{""kind"":""manual"",""reason"":""ask""},""bad_face_id"":{""kind"":""manual"",""reason"":""parts""},""battery_under_80"":{""kind"":""manual"",""reason"":""extra_deduction""},""cracked_back"":{""kind"":""flat_usd"",""value"":50.0},""cracked_lens"":{""kind"":""flat_usd"",""value"":40.0},""heavy_scratching"":{""kind"":""manual"",""reason"":""extra_deduction""},""repair_message"":{""kind"":""manual"",""reason"":""extra_deduction""}}",14 plus|iphone 14 plus|iphone 14 plus 256 gb|iphone 14 plus carrier locked|iphone 14 plus locked,Cracked Back = $50 off / Cracked Lens = $40 off / Bad Face ID = Parts / Bad Back Camera = ASK - - - HEAVY SCRATCHING / DEGRADED BATTERY % / Repair Message(s) = EXTRA DEDUCTION
iphone,apple,iphone_14_plus__carrier_locked,iphone 14 plus,,,,512gb,carrier_locked,b,iPhone Used,160.00,224.00,179.20,197.12,"{""a"":195.0,""b"":160.0,""c"":115.0,""d"":75.0,""doa"":45.0}","{""bad_back_camera"":{""kind"":""manual"",""reason"":""ask""},""bad_face_id"":{""kind"":""manual"",""reason"":""parts""},""battery_under_80"":{""kind"":""manual"",""reason"":""extra_deduction""},""cracked_back"":{""kind"":""flat_usd"",""value"":50.0},""cracked_lens"":{""kind"":""flat_usd"",""value"":40.0},""heavy_scratching"":{""kind"":""manual"",""reason"":""extra_deduction""},""repair_message"":{""kind"":""manual"",""reason"":""extra_deduction""}}",14 plus|iphone 14 plus|iphone 14 plus 512 gb|iphone 14 plus carrier locked|iphone 14 plus locked,Cracked Back = $50 off / Cracked Lens = $40 off / Bad Face ID = Parts / Bad Back Camera = ASK - - - HEAVY SCRATCHING / DEGRADED BATTERY % / Repair Message(s) = EXTRA DEDUCTION
iphone,apple,iphone_14_plus__unlocked,iphone 14 plus,,,,128gb,unlocked,b,iPhone Used,245.00,343.00,274.40,301.84,"{""a"":260.0,""b"":245.0,""c"":155.0,""d"":100.0,""doa"":45.0}","{""bad_back_camera"":{""kind"":""manual"",""reason"":""ask""},""bad_face_id"":{""kind"":""manual"",""reason"":""parts""},""battery_under_80"":{""kind"":""manual"",""reason"":""extra_deduction""},""cracked_back"":{""kind"":""flat_usd"",""value"":50.0},""cracked_lens"":{""kind"":""flat_usd"",""value"":40.0},""heavy_scratching"":{""kind"":""manual"",""reason"":""extra_deduction""},""repair_message"":{""kind"":""manual"",""reason"":""extra_deduction""}}",14 plus|iphone 14 plus|iphone 14 plus 128 gb|iphone 14 plus unlocked,Cracked Back = $50 off / Cracked Lens = $40 off / Bad Face ID = Parts / Bad Back Camera = ASK - - - HEAVY SCRATCHING / DEGRADED BATTERY % / Repair Message(s) = EXTRA DEDUCTION
iphone,apple,iphone_14_plus__unlocked,iphone 14 plus,,,,256gb,unlocked,b,iPhone Used,260.00,364.00,291.20,320.32,"{""a"":275.0,""b"":260.0,""c"":175.0,""d"":115.0,""doa"":45.0}","{""bad_back_camera"":{""kind"":""manual"",""reason"":""ask""},""bad_face_id"":{""kind"":""manual"",""reason"":""parts""},""battery_under_80"":{""kind"":""manual"",""reason"":""extra_deduction""},""cracked_back"":{""kind"":""flat_usd"",""value"":50.0},""cracked_lens"":{""kind"":""flat_usd"",""value"":40.0},""heavy_scratching"":{""kind"":""manual"",""reason"":""extra_deduction""},""repair_message"":{""kind"":""manual"",""reason"":""extra_deduction""}}",14 plus|iphone 14 plus|iphone 14 plus 256 gb|iphone 14 plus unlocked,Cracked Back = $50 off / Cracked Lens = $40 off / Bad Face ID = Parts / Bad Back Camera = ASK - - - HEAVY SCRATCHING / DEGRADED BATTERY % / Repair Message(s) = EXTRA DEDUCTION
iphone,apple,iphone_14_plus__unlocked,iphone 14 plus,,,,512gb,unlocked,b,iPhone Used,275.00,385.00,308.00,338.80,"{""a"":290.0,""b"":275.0,""c"":175.0,""d"":115.0,""doa"":45.0}","{""bad_back_camera"":{""kind"":""manual"",""reason"":""ask""},""bad_face_id"":{""kind"":""manual"",""reason"":""parts""},""battery_under_80"":{""kind"":""manual"",""reason"":""extra_deduction""},""cracked_back"":{""kind"":""flat_usd"",""value"":50.0},""cracked_lens"":{""kind"":""flat_usd"",""value"":40.0},""heavy_scratching"":{""kind"":""manual"",""reason"":""extra_deduction""},""repair_message"":{""kind"":""manual"",""reason"":""extra_deduction""}}",14 plus|iphone 14 plus|iphone 14 plus 512 gb|iphone 14 plus unlocked,Cracked Back = $50 off / Cracked Lens = $40 off / Bad Face ID = Parts / Bad Back Camera = ASK - - - HEAVY SCRATCHING / DEGRADED BATTERY % / Repair Message(s) = EXTRA DEDUCTION
iphone,apple,iphone_14_pro__carrier_locked,iphone 14 pro,,,,128gb,carrier_locked,b,iPhone Used,225.00,315.00,252.00,277.20,"{""a"":240.0,""b"":225.0,""c"":175.0,""d"":110.0,""doa"":40.0}","{""bad_back_camera"":{""kind"":""manual"",""reason"":""ask""},""bad_face_id"":{""kind"":""manual"",""reason"":""parts""},""battery_under_80"":{""kind"":""manual"",""reason"":""extra_deduction""},""cracked_back"":{""kind"":""flat_usd"",""value"":80.0},""cracked_lens"":{""kind"":""flat_usd"",""value"":50.0},""heavy_scratching"":{""kind"":""manual"",""reason"":""extra_deduction""},""repair_message"":{""kind"":""manual"",""reason"":""extra_deduction""}}",14 pro|iphone 14 pro|iphone 14 pro 128 gb|iphone 14 pro carrier locked|iphone 14 pro locked,Cracked Back = $80 off / Cracked Lens = $50 off / Bad Face ID = Parts / Bad Back Camera = ASK - - - HEAVY SCRATCHING / DEGRADED BATTERY % / Repair Message(s) = EXTRA DEDUCTION
iphone,apple,iphone_14_pro__carrier_locked,iphone 14 pro,,,,256gb,carrier_locked,b,iPhone Used,235.00,329.00,263.20,289.52,"{""a"":260.0,""b"":235.0,""c"":180.0,""d"":115.0,""doa"":40.0}","{""bad_back_camera"":{""kind"":""manual"",""reason"":""ask""},""bad_face_id"":{""kind"":""manual"",""reason"":""parts""},""battery_under_80"":{""kind"":""manual"",""reason"":""extra_deduction""},""cracked_back"":{""kind"":""flat_usd"",""value"":80.0},""cracked_lens"":{""kind"":""flat_usd"",""value"":50.0},""heavy_scratching"":{""kind"":""manual"",""reason"":""extra_deduction""},""repair_message"":{""kind"":""manual"",""reason"":""extra_deduction""}}",14 pro|iphone 14 pro|iphone 14 pro 256 gb|iphone 14 pro carrier locked|iphone 14 pro locked,Cracked Back = $80 off / Cracked Lens = $50 off / Bad Face ID = Parts / Bad Back Camera = ASK - - - HEAVY SCRATCHING / DEGRADED BATTERY % / Repair Message(s) = EXTRA DEDUCTION
iphone,apple,iphone_14_pro__carrier_locked,iphone 14 pro,,,,512gb,carrier_locked,b,iPhone Used,260.00,364.00,291.20,320.32,"{""a"":275.0,""b"":260.0,""c"":200.0,""d"":130.0,""doa"":40.0}","{""bad_back_camera"":{""kind"":""manual"",""reason"":""ask""},""bad_face_id"":{""kind"":""manual"",""reason"":""parts""},""battery_under_80"":{""kind"":""manual"",""reason"":""extra_deduction""},""cracked_back"":{""kind"":""flat_usd"",""value"":80.0},""cracked_lens"":{""kind"":""flat_usd"",""value"":50.0},""heavy_scratching"":{""kind"":""manual"",""reason"":""extra_deduction""},""repair_message"":{""kind"":""manual"",""reason"":""extra_deduction""}}",14 pro|iphone 14 pro|iphone 14 pro 512 gb|iphone 14 pro carrier locked|iphone 14 pro locked,Cracked Back = $80 off / Cracked Lens = $50 off / Bad Face ID = Parts / Bad Back Camera = ASK - - - HEAVY SCRATCHING / DEGRADED BATTERY % / Repair Message(s) = EXTRA DEDUCTION
iphone,apple,iphone_14_pro__carrier_locked,iphone 14 pro,,,,1tb,carrier_locked,b,iPhone Used,280.00,392.00,313.60,344.96,"{""a"":290.0,""b"":280.0,""c"":220.0,""d"":150.0,""doa"":40.0}","{""bad_back_camera"":{""kind"":""manual"",""reason"":""ask""},""bad_face_id"":{""kind"":""manual"",""reason"":""parts""},""battery_under_80"":{""kind"":""manual"",""reason"":""extra_deduction""},""cracked_back"":{""kind"":""flat_usd"",""value"":80.0},""cracked_lens"":{""kind"":""flat_usd"",""value"":50.0},""heavy_scratching"":{""kind"":""manual"",""reason"":""extra_deduction""},""repair_message"":{""kind"":""manual"",""reason"":""extra_deduction""}}",14 pro|iphone 14 pro|iphone 14 pro 1 tb|iphone 14 pro carrier locked|iphone 14 pro locked,Cracked Back = $80 off / Cracked Lens = $50 off / Bad Face ID = Parts / Bad Back Camera = ASK - - - HEAVY SCRATCHING / DEGRADED BATTERY % / Repair Message(s) = EXTRA DEDUCTION
iphone,apple,iphone_14_pro__unlocked,iphone 14 pro,,,,128gb,unlocked,b,iPhone Used,285.00,399.00,319.20,351.12,"{""a"":300.0,""b"":285.0,""c"":230.0,""d"":160.0,""doa"":40.0}","{""bad_back_camera"":{""kind"":""manual"",""reason"":""ask""},""bad_face_id"":{""kind"":""manual"",""reason"":""parts""},""battery_under_80"":{""kind"":""manual"",""reason"":""extra_deduction""},""cracked_back"":{""kind"":""flat_usd"",""value"":80.0},""cracked_lens"":{""kind"":""flat_usd"",""value"":50.0},""heavy_scratching"":{""kind"":""manual"",""reason"":""extra_deduction""},""repair_message"":{""kind"":""manual"",""reason"":""extra_deduction""}}",14 pro|iphone 14 pro|iphone 14 pro 128 gb|iphone 14 pro unlocked,Cracked Back = $80 off / Cracked Lens = $50 off / Bad Face ID = Parts / Bad Back Camera = ASK - - - HEAVY SCRATCHING / DEGRADED BATTERY % / Repair Message(s) = EXTRA DEDUCTION
iphone,apple,iphone_14_pro__unlocked,iphone 14 pro,,,,256gb,unlocked,b,iPhone Used,305.00,427.00,341.60,375.76,"{""a"":320.0,""b"":305.0,""c"":250.0,""d"":175.0,""doa"":40.0}","{""bad_back_camera"":{""kind"":""manual"",""reason"":""ask""},""bad_face_id"":{""kind"":""manual"",""reason"":""parts""},""battery_under_80"":{""kind"":""manual"",""reason"":""extra_deduction""},""cracked_back"":{""kind"":""flat_usd"",""value"":80.0},""cracked_lens"":{""kind"":""flat_usd"",""value"":50.0},""heavy_scratching"":{""kind"":""manual"",""reason"":""extra_deduction""},""repair_message"":{""kind"":""manual"",""reason"":""extra_deduction""}}",14 pro|iphone 14 pro|iphone 14 pro 256 gb|iphone 14 pro unlocked,Cracked Back = $80 off / Cracked Lens = $50 off / Bad Face ID = Parts / Bad Back Camera = ASK - - - HEAVY SCRATCHING / DEGRADED BATTERY % / Repair Message(s) = EXTRA DEDUCTION
iphone,apple,iphone_14_pro__unlocked,iphone 14 pro,,,,512gb,unlocked,b,iPhone Used,320.00,448.00,358.40,394.24,"{""a"":335.0,""b"":320.0,""c"":260.0,""d"":185.0,""doa"":40.0}","{""bad_back_camera"":{""kind"":""manual"",""reason"":""ask""},""bad_face_id"":{""kind"":""manual"",""reason"":""parts""},""battery_under_80"":{""kind"":""manual"",""reason"":""extra_deduction""},""cracked_back"":{""kind"":""flat_usd"",""value"":80.0},""cracked_lens"":{""kind"":""flat_usd"",""value"":50.0},""heavy_scratching"":{""kind"":""manual"",""reason"":""extra_deduction""},""repair_message"":{""kind"":""manual"",""reason"":""extra_deduction""}}",14 pro|iphone 14 pro|iphone 14 pro 512 gb|iphone 14 pro unlocked,Cracked Back = $80 off / Cracked Lens = $50 off / Bad Face ID = Parts / Bad Back Camera = ASK - - - HEAVY SCRATCHING / DEGRADED BATTERY % / Repair Message(s) = EXTRA DEDUCTION
iphone,apple,iphone_14_pro__unlocked,iphone 14 pro,,,,1tb,unlocked,b,iPhone Used,335.00,469.00,375.20,412.72,"{""a"":350.0,""b"":335.0,""c"":270.0,""d"":195.0,""doa"":40.0}","{""bad_back_camera"":{""kind"":""manual"",""reason"":""ask""},""bad_face_id"":{""kind"":""manual"",""reason"":""parts""},""battery_under_80"":{""kind"":""manual"",""reason"":""extra_deduction""},""cracked_back"":{""kind"":""flat_usd"",""value"":80.0},""cracked_lens"":{""kind"":""flat_usd"",""value"":50.0},""heavy_scratching"":{""kind"":""manual"",""reason"":""extra_deduction""},""repair_message"":{""kind"":""manual"",""reason"":""extra_deduction""}}",14 pro|iphone 14 pro|iphone 14 pro 1 tb|iphone 14 pro unlocked,Cracked Back = $80 off / Cracked Lens = $50 off / Bad Face ID = Parts / Bad Back Camera = ASK - - - HEAVY SCRATCHING / DEGRADED BATTERY % / Repair Message(s) = EXTRA DEDUCTION
iphone,apple,iphone_14_pro_max__carrier_locked,iphone 14 pro max,,,,128gb,carrier_locked,b,iPhone Used,250.00,350.00,280.00,308.00,"{""a"":270.0,""b"":250.0,""c"":205.0,""d"":125.0,""doa"":80.0}","{""bad_back_camera"":{""kind"":""manual"",""reason"":""ask""},""bad_face_id"":{""kind"":""manual"",""reason"":""parts""},""battery_under_80"":{""kind"":""manual"",""reason"":""extra_deduction""},""cracked_back"":{""kind"":""flat_usd"",""value"":90.0},""cracked_lens"":{""kind"":""flat_usd"",""value"":50.0},""heavy_scratching"":{""kind"":""manual"",""reason"":""extra_deduction""},""repair_message"":{""kind"":""manual"",""reason"":""extra_deduction""}}",14 pro max|iphone 14 pm|iphone 14 pro max|iphone 14 pro max 128 gb|iphone 14 pro max carrier locked|iphone 14 pro max locked,Cracked Back = $90 off / Cracked Lens = $50 off / Bad Face ID = Parts / Bad Back Camera = ASK - - - HEAVY SCRATCHING / DEGRADED BATTERY % / Repair Message(s) = EXTRA DEDUCTION
iphone,apple,iphone_14_pro_max__carrier_locked,iphone 14 pro max,,,,256gb,carrier_locked,b,iPhone Used,270.00,378.00,302.40,332.64,"{""a"":290.0,""b"":270.0,""c"":230.0,""d"":145.0,""doa"":80.0}","{""bad_back_camera"":{""kind"":""manual"",""reason"":""ask""},""bad_face_id"":{""kind"":""manual"",""reason"":""parts""},""battery_under_80"":{""kind"":""manual"",""reason"":""extra_deduction""},""cracked_back"":{""kind"":""flat_usd"",""value"":90.0},""cracked_lens"":{""kind"":""flat_usd"",""value"":50.0},""heavy_scratching"":{""kind"":""manual"",""reason"":""extra_deduction""},""repair_message"":{""kind"":""manual"",""reason"":""extra_deduction""}}",14 pro max|iphone 14 pm|iphone 14 pro max|iphone 14 pro max 256 gb|iphone 14 pro max carrier locked|iphone 14 pro max locked,Cracked Back = $90 off / Cracked Lens = $50 off / Bad Face ID = Parts / Bad Back Camera = ASK - - - HEAVY SCRATCHING / DEGRADED BATTERY % / Repair Message(s) = EXTRA DEDUCTION
iphone,apple,iphone_14_pro_max__carrier_locked,iphone 14 pro max,,,,512gb,carrier_locked,b,iPhone Used,290.00,406.00,324.80,357.28,"{""a"":310.0,""b"":290.0,""c"":245.0,""d"":145.0,""doa"":80.0}","{""bad_back_camera"":{""kind"":""manual"",""reason"":""ask""},""bad_face_id"":{""kind"":""manual"",""reason"":""parts""},""battery_under_80"":{""kind"":""manual"",""reason"":""extra_deduction""},""cracked_back"":{""kind"":""flat_usd"",""value"":90.0},""cracked_lens"":{""kind"":""flat_usd"",""value"":50.0},""heavy_scratching"":{""kind"":""manual"",""reason"":""extra_deduction""},""repair_message"":{""kind"":""manual"",""reason"":""extra_deduction""}}",14 pro max|iphone 14 pm|iphone 14 pro max|iphone 14 pro max 512 gb|iphone 14 pro max carrier locked|iphone 14 pro max locked,Cracked Back = $90 off / Cracked Lens = $50 off / Bad Face ID = Parts / Bad Back Camera = ASK - - - HEAVY SCRATCHING / DEGRADED BATTERY % / Repair Message(s) = EXTRA DEDUCTION
iphone,apple,iphone_14_pro_max__carrier_locked,iphone 14 pro max,,,,1tb,carrier_locked,b,iPhone Used,320.00,448.00,358.40,394.24,"{""a"":330.0,""b"":320.0,""c"":260.0,""d"":170.0,""doa"":80.0}","{""bad_back_camera"":{""kind"":""manual"",""reason"":""ask""},""bad_face_id"":{""kind"":""manual"",""reason"":""parts""},""battery_under_80"":{""kind"":""manual"",""reason"":""extra_deduction""},""cracked_back"":{""kind"":""flat_usd"",""value"":90.0},""cracked_lens"":{""kind"":""flat_usd"",""value"":50.0},""heavy_scratching"":{""kind"":""manual"",""reason"":""extra_deduction""},""repair_message"":{""kind"":""manual"",""reason"":""extra_deduction""}}",14 pro max|iphone 14 pm|iphone 14 pro max|iphone 14 pro max 1 tb|iphone 14 pro max carrier locked|iphone 14 pro max locked,Cracked Back = $90 off / Cracked Lens = $50 off / Bad Face ID = Parts / Bad Back Camera = ASK - - - HEAVY SCRATCHING / DEGRADED BATTERY % / Repair Message(s) = EXTRA DEDUCTION
iphone,apple,iphone_14_pro_max__unlocked,iphone 14 pro max,,,,128gb,unlocked,b,iPhone Used,325.00,455.00,364.00,400.40,"{""a"":345.0,""b"":325.0,""c"":290.0,""d"":210.0,""doa"":80.0}","{""bad_back_camera"":{""kind"":""manual"",""reason"":""ask""},""bad_face_id"":{""kind"":""manual"",""reason"":""parts""},""battery_under_80"":{""kind"":""manual"",""reason"":""extra_deduction""},""cracked_back"":{""kind"":""flat_usd"",""value"":90.0},""cracked_lens"":{""kind"":""flat_usd"",""value"":50.0},""heavy_scratching"":{""kind"":""manual"",""reason"":""extra_deduction""},""repair_message"":{""kind"":""manual"",""reason"":""extra_deduction""}}",14 pro max|iphone 14 pm|iphone 14 pro max|iphone 14 pro max 128 gb|iphone 14 pro max unlocked,Cracked Back = $90 off / Cracked Lens = $50 off / Bad Face ID = Parts / Bad Back Camera = ASK - - - HEAVY SCRATCHING / DEGRADED BATTERY % / Repair Message(s) = EXTRA DEDUCTION
iphone,apple,iphone_14_pro_max__unlocked,iphone 14 pro max,,,,256gb,unlocked,b,iPhone Used,345.00,483.00,386.40,425.04,"{""a"":365.0,""b"":345.0,""c"":300.0,""d"":220.0,""doa"":80.0}","{""bad_back_camera"":{""kind"":""manual"",""reason"":""ask""},""bad_face_id"":{""kind"":""manual"",""reason"":""parts""},""battery_under_80"":{""kind"":""manual"",""reason"":""extra_deduction""},""cracked_back"":{""kind"":""flat_usd"",""value"":90.0},""cracked_lens"":{""kind"":""flat_usd"",""value"":50.0},""heavy_scratching"":{""kind"":""manual"",""reason"":""extra_deduction""},""repair_message"":{""kind"":""manual"",""reason"":""extra_deduction""}}",14 pro max|iphone 14 pm|iphone 14 pro max|iphone 14 pro max 256 gb|iphone 14 pro max unlocked,Cracked Back = $90 off / Cracked Lens = $50 off / Bad Face ID = Parts / Bad Back Camera = ASK - - - HEAVY SCRATCHING / DEGRADED BATTERY % / Repair Message(s) = EXTRA DEDUCTION
iphone,apple,iphone_14_pro_max__unlocked,iphone 14 pro max,,,,512gb,unlocked,b,iPhone Used,365.00,511.00,408.80,449.68,"{""a"":385.0,""b"":365.0,""c"":310.0,""d"":230.0,""doa"":80.0}","{""bad_back_camera"":{""kind"":""manual"",""reason"":""ask""},""bad_face_id"":{""kind"":""manual"",""reason"":""parts""},""battery_under_80"":{""kind"":""manual"",""reason"":""extra_deduction""},""cracked_back"":{""kind"":""flat_usd"",""value"":90.0},""cracked_lens"":{""kind"":""flat_usd"",""value"":50.0},""heavy_scratching"":{""kind"":""manual"",""reason"":""extra_deduction""},""repair_message"":{""kind"":""manual"",""reason"":""extra_deduction""}}",14 pro max|iphone 14 pm|iphone 14 pro max|iphone 14 pro max 512 gb|iphone 14 pro max unlocked,Cracked Back = $90 off / Cracked Lens = $50 off / Bad Face ID = Parts / Bad Back Camera = ASK - - - HEAVY SCRATCHING / DEGRADED BATTERY % / Repair Message(s) = EXTRA DEDUCTION
iphone,apple,iphone_14_pro_max__unlocked,iphone 14 pro max,,,,1tb,unlocked,b,iPhone Used,380.00,532.00,425.60,468.16,"{""a"":400.0,""b"":380.0,""c"":250.0,""d"":240.0,""doa"":80.0}","{""bad_back_camera"":{""kind"":""manual"",""reason"":""ask""},""bad_face_id"":{""kind"":""manual"",""reason"":""parts""},""battery_under_80"":{""kind"":""manual"",""reason"":""extra_deduction""},""cracked_back"":{""kind"":""flat_usd"",""value"":90.0},""cracked_lens"":{""kind"":""flat_usd"",""value"":50.0},""heavy_scratching"":{""kind"":""manual"",""reason"":""extra_deduction""},""repair_message"":{""kind"":""manual"",""reason"":""extra_deduction""}}",14 pro max|iphone 14 pm|iphone 14 pro max|iphone 14 pro max 1 tb|iphone 14 pro max unlocked,Cracked Back = $90 off / Cracked Lens = $50 off / Bad Face ID = Parts / Bad Back Camera = ASK - - - HEAVY SCRATCHING / DEGRADED BATTERY % / Repair Message(s) = EXTRA DEDUCTION
iphone,apple,iphone_15__carrier_locked,iphone 15,,,,128gb,carrier_locked,b,iPhone Used,205.00,287.00,229.60,252.56,"{""a"":225.0,""b"":205.0,""c"":140.0,""d"":105.0,""doa"":50.0}","{""bad_back_camera"":{""kind"":""manual"",""reason"":""ask""},""bad_face_id"":{""kind"":""manual"",""reason"":""parts""},""battery_under_80"":{""kind"":""manual"",""reason"":""extra_deduction""},""cracked_back"":{""kind"":""flat_usd"",""value"":60.0},""cracked_lens"":{""kind"":""flat_usd"",""value"":40.0},""heavy_scratching"":{""kind"":""manual"",""reason"":""extra_deduction""},""repair_message"":{""kind"":""manual"",""reason"":""extra_deduction""}}",iphone 15|iphone 15 128 gb|iphone 15 carrier locked|iphone 15 locked,Cracked Back = $60 off / Cracked Lens = $40 off / Bad Face ID = Parts / Bad Back Camera = ASK - - - HEAVY SCRATCHING / DEGRADED BATTERY % / Repair Message(s) = EXTRA DEDUCTION
iphone,apple,iphone_15__carrier_locked,iphone 15,,,,256gb,carrier_locked,b,iPhone Used,225.00,315.00,252.00,277.20,"{""a"":245.0,""b"":225.0,""c"":180.0,""d"":130.0,""doa"":50.0}","{""bad_back_camera"":{""kind"":""manual"",""reason"":""ask""},""bad_face_id"":{""kind"":""manual"",""reason"":""parts""},""battery_under_80"":{""kind"":""manual"",""reason"":""extra_deduction""},""cracked_back"":{""kind"":""flat_usd"",""value"":60.0},""cracked_lens"":{""kind"":""flat_usd"",""value"":40.0},""heavy_scratching"":{""kind"":""manual"",""reason"":""extra_deduction""},""repair_message"":{""kind"":""manual"",""reason"":""extra_deduction""}}",iphone 15|iphone 15 256 gb|iphone 15 carrier locked|iphone 15 locked,Cracked Back = $60 off / Cracked Lens = $40 off / Bad Face ID = Parts / Bad Back Camera = ASK - - - HEAVY SCRATCHING / DEGRADED BATTERY % / Repair Message(s) = EXTRA DEDUCTION
iphone,apple,iphone_15__carrier_locked,iphone 15,,,,512gb,carrier_locked,b,iPhone Used,245.00,343.00,274.40,301.84,"{""a"":265.0,""b"":245.0,""c"":190.0,""d"":140.0,""doa"":50.0}","{""bad_back_camera"":{""kind"":""manual"",""reason"":""ask""},""bad_face_id"":{""kind"":""manual"",""reason"":""parts""},""battery_under_80"":{""kind"":""manual"",""reason"":""extra_deduction""},""cracked_back"":{""kind"":""flat_usd"",""value"":60.0},""cracked_lens"":{""kind"":""flat_usd"",""value"":40.0},""heavy_scratching"":{""kind"":""manual"",""reason"":""extra_deduction""},""repair_message"":{""kind"":""manual"",""reason"":""extra_deduction""}}",iphone 15|iphone 15 512 gb|iphone 15 carrier locked|iphone 15 locked,Cracked Back = $60 off / Cracked Lens = $40 off / Bad Face ID = Parts / Bad Back Camera = ASK - - - HEAVY SCRATCHING / DEGRADED BATTERY % / Repair Message(s) = EXTRA DEDUCTION
iphone,apple,iphone_15__unlocked,iphone 15,,,,128gb,unlocked,b,iPhone Used,280.00,392.00,313.60,344.96,"{""a"":300.0,""b"":280.0,""c"":215.0,""d"":155.0,""doa"":50.0}","{""bad_back_camera"":{""kind"":""manual"",""reason"":""ask""},""bad_face_id"":{""kind"":""manual"",""reason"":""parts""},""battery_under_80"":{""kind"":""manual"",""reason"":""extra_deduction""},""cracked_back"":{""kind"":""flat_usd"",""value"":60.0},""cracked_lens"":{""kind"":""flat_usd"",""value"":40.0},""heavy_scratching"":{""kind"":""manual"",""reason"":""extra_deduction""},""repair_message"":{""kind"":""manual"",""reason"":""extra_deduction""}}",iphone 15|iphone 15 128 gb|iphone 15 unlocked,Cracked Back = $60 off / Cracked Lens = $40 off / Bad Face ID = Parts / Bad Back Camera = ASK - - - HEAVY SCRATCHING / DEGRADED BATTERY % / Repair Message(s) = EXTRA DEDUCTION
iphone,apple,iphone_15__unlocked,iphone 15,,,,256gb,unlocked,b,iPhone Used,300.00,420.00,336.00,369.60,"{""a"":320.0,""b"":300.0,""c"":240.0,""d"":175.0,""doa"":50.0}","{""bad_back_camera"":{""kind"":""manual"",""reason"":""ask""},""bad_face_id"":{""kind"":""manual"",""reason"":""parts""},""battery_under_80"":{""kind"":""manual"",""reason"":""extra_deduction""},""cracked_back"":{""kind"":""flat_usd"",""value"":60.0},""cracked_lens"":{""kind"":""flat_usd"",""value"":40.0},""heavy_scratching"":{""kind"":""manual"",""reason"":""extra_deduction""},""repair_message"":{""kind"":""manual"",""reason"":""extra_deduction""}}",iphone 15|iphone 15 256 gb|iphone 15 unlocked,Cracked Back = $60 off / Cracked Lens = $40 off / Bad Face ID = Parts / Bad Back Camera = ASK - - - HEAVY SCRATCHING / DEGRADED BATTERY % / Repair Message(s) = EXTRA DEDUCTION
iphone,apple,iphone_15__unlocked,iphone 15,,,,512gb,unlocked,b,iPhone Used,320.00,448.00,358.40,394.24,"{""a"":340.0,""b"":320.0,""c"":250.0,""d"":185.0,""doa"":50.0}","{""bad_back_camera"":{""kind"":""manual"",""reason"":""ask""},""bad_face_id"":{""kind"":""manual"",""reason"":""parts""},""battery_under_80"":{""kind"":""manual"",""reason"":""extra_deduction""},""cracked_back"":{""kind"":""flat_usd"",""value"":60.0},""cracked_lens"":{""kind"":""flat_usd"",""value"":40.0},""heavy_scratching"":{""kind"":""manual"",""reason"":""extra_deduction""},""repair_message"":{""kind"":""manual"",""reason"":""extra_deduction""}}",iphone 15|iphone 15 512 gb|iphone 15 unlocked,Cracked Back = $60 off / Cracked Lens = $40 off / Bad Face ID = Parts / Bad Back Camera = ASK - - - HEAVY SCRATCHING / DEGRADED BATTERY % / Repair Message(s) = EXTRA DEDUCTION
iphone,apple,iphone_15_plus__carrier_locked,iphone 15 plus,,,,128gb,carrier_locked,b,iPhone Used,235.00,329.00,263.20,289.52,"{""a"":255.0,""b"":235.0,""c"":185.0,""d"":120.0,""doa"":60.0}","{""bad_back_camera"":{""kind"":""manual"",""reason"":""ask""},""bad_face_id"":{""kind"":""manual"",""reason"":""parts""},""battery_under_80"":{""kind"":""manual"",""reason"":""extra_deduction""},""cracked_back"":{""kind"":""flat_usd"",""value"":60.0},""cracked_lens"":{""kind"":""flat_usd"",""value"":40.0},""heavy_scratching"":{""kind"":""manual"",""reason"":""extra_deduction""},""repair_message"":{""kind"":""manual"",""reason"":""extra_deduction""}}",15 plus|iphone 15 plus|iphone 15 plus 128 gb|iphone 15 plus carrier locked|iphone 15 plus locked,Cracked Back = $60 off / Cracked Lens = $40 off / Bad Face ID = Parts / Bad Back Camera = ASK - - - HEAVY SCRATCHING / DEGRADED BATTERY % / Repair Message(s) = EXTRA DEDUCTION
iphone,apple,iphone_15_plus__carrier_locked,iphone 15 plus,,,,256gb,carrier_locked,b,iPhone Used,245.00,343.00,274.40,301.84,"{""a"":285.0,""b"":245.0,""c"":210.0,""d"":140.0,""doa"":60.0}","{""bad_back_camera"":{""kind"":""manual"",""reason"":""ask""},""bad_face_id"":{""kind"":""manual"",""reason"":""parts""},""battery_under_80"":{""kind"":""manual"",""reason"":""extra_deduction""},""cracked_back"":{""kind"":""flat_usd"",""value"":60.0},""cracked_lens"":{""kind"":""flat_usd"",""value"":40.0},""heavy_scratching"":{""kind"":""manual"",""reason"":""extra_deduction""},""repair_message"":{""kind"":""manual"",""reason"":""extra_deduction""}}",15 plus|iphone 15 plus|iphone 15 plus 256 gb|iphone 15 plus carrier locked|iphone 15 plus locked,Cracked Back = $60 off / Cracked Lens = $40 off / Bad Face ID = Parts / Bad Back Camera = ASK - - - HEAVY SCRATCHING / DEGRADED BATTERY % / Repair Message(s) = EXTRA DEDUCTION
iphone,apple,iphone_15_plus__carrier_locked,iphone 15 plus,,,,512gb,carrier_locked,b,iPhone Used,265.00,371.00,296.80,326.48,"{""a"":285.0,""b"":265.0,""c"":225.0,""d"":150.0,""doa"":60.0}","{""bad_back_camera"":{""kind"":""manual"",""reason"":""ask""},""bad_face_id"":{""kind"":""manual"",""reason"":""parts""},""battery_under_80"":{""kind"":""manual"",""reason"":""extra_deduction""},""cracked_back"":{""kind"":""flat_usd"",""value"":60.0},""cracked_lens"":{""kind"":""flat_usd"",""value"":40.0},""heavy_scratching"":{""kind"":""manual"",""reason"":""extra_deduction""},""repair_message"":{""kind"":""manual"",""reason"":""extra_deduction""}}",15 plus|iphone 15 plus|iphone 15 plus 512 gb|iphone 15 plus carrier locked|iphone 15 plus locked,Cracked Back = $60 off / Cracked Lens = $40 off / Bad Face ID = Parts / Bad Back Camera = ASK - - - HEAVY SCRATCHING / DEGRADED BATTERY % / Repair Message(s) = EXTRA DEDUCTION
iphone,apple,iphone_15_plus__unlocked,iphone 15 plus,,,,128gb,unlocked,b,iPhone Used,300.00,420.00,336.00,369.60,"{""a"":320.0,""b"":300.0,""c"":220.0,""d"":155.0,""doa"":60.0}","{""bad_back_camera"":{""kind"":""manual"",""reason"":""ask""},""bad_face_id"":{""kind"":""manual"",""reason"":""parts""},""battery_under_80"":{""kind"":""manual"",""reason"":""extra_deduction""},""cracked_back"":{""kind"":""flat_usd"",""value"":60.0},""cracked_lens"":{""kind"":""flat_usd"",""value"":40.0},""heavy_scratching"":{""kind"":""manual"",""reason"":""extra_deduction""},""repair_message"":{""kind"":""manual"",""reason"":""extra_deduction""}}",15 plus|iphone 15 plus|iphone 15 plus 128 gb|iphone 15 plus unlocked,Cracked Back = $60 off / Cracked Lens = $40 off / Bad Face ID = Parts / Bad Back Camera = ASK - - - HEAVY SCRATCHING / DEGRADED BATTERY % / Repair Message(s) = EXTRA DEDUCTION
iphone,apple,iphone_15_plus__unlocked,iphone 15 plus,,,,256gb,unlocked,b,iPhone Used,320.00,448.00,358.40,394.24,"{""a"":340.0,""b"":320.0,""c"":245.0,""d"":170.0,""doa"":60.0}","{""bad_back_camera"":{""kind"":""manual"",""reason"":""ask""},""bad_face_id"":{""kind"":""manual"",""reason"":""parts""},""battery_under_80"":{""kind"":""manual"",""reason"":""extra_deduction""},""cracked_back"":{""kind"":""flat_usd"",""value"":60.0},""cracked_lens"":{""kind"":""flat_usd"",""value"":40.0},""heavy_scratching"":{""kind"":""manual"",""reason"":""extra_deduction""},""repair_message"":{""kind"":""manual"",""reason"":""extra_deduction""}}",15 plus|iphone 15 plus|iphone 15 plus 256 gb|iphone 15 plus unlocked,Cracked Back = $60 off / Cracked Lens = $40 off / Bad Face ID = Parts / Bad Back Camera = ASK - - - HEAVY SCRATCHING / DEGRADED BATTERY % / Repair Message(s) = EXTRA DEDUCTION
iphone,apple,iphone_15_plus__unlocked,iphone 15 plus,,,,512gb,unlocked,b,iPhone Used,340.00,476.00,380.80,418.88,"{""a"":360.0,""b"":340.0,""c"":250.0,""d"":180.0,""doa"":60.0}","{""bad_back_camera"":{""kind"":""manual"",""reason"":""ask""},""bad_face_id"":{""kind"":""manual"",""reason"":""parts""},""battery_under_80"":{""kind"":""manual"",""reason"":""extra_deduction""},""cracked_back"":{""kind"":""flat_usd"",""value"":60.0},""cracked_lens"":{""kind"":""flat_usd"",""value"":40.0},""heavy_scratching"":{""kind"":""manual"",""reason"":""extra_deduction""},""repair_message"":{""kind"":""manual"",""reason"":""extra_deduction""}}",15 plus|iphone 15 plus|iphone 15 plus 512 gb|iphone 15 plus unlocked,Cracked Back = $60 off / Cracked Lens = $40 off / Bad Face ID = Parts / Bad Back Camera = ASK - - - HEAVY SCRATCHING / DEGRADED BATTERY % / Repair Message(s) = EXTRA DEDUCTION
iphone,apple,iphone_15_pro__carrier_locked,iphone 15 pro,,,,128gb,carrier_locked,b,iPhone Used,290.00,406.00,324.80,357.28,"{""a"":300.0,""b"":290.0,""c"":245.0,""d"":155.0,""doa"":65.0}","{""bad_back_camera"":{""kind"":""manual"",""reason"":""ask""},""bad_face_id"":{""kind"":""manual"",""reason"":""parts""},""battery_under_80"":{""kind"":""manual"",""reason"":""extra_deduction""},""cracked_back"":{""kind"":""flat_usd"",""value"":90.0},""cracked_lens"":{""kind"":""flat_usd"",""value"":70.0},""heavy_scratching"":{""kind"":""manual"",""reason"":""extra_deduction""},""repair_message"":{""kind"":""manual"",""reason"":""extra_deduction""}}",15 pro|iphone 15 pro|iphone 15 pro 128 gb|iphone 15 pro carrier locked|iphone 15 pro locked,Cracked Back = $90 off / Cracked Lens = $70 off / Bad Face ID = Parts / Bad Back Camera = ASK - - - HEAVY SCRATCHING / DEGRADED BATTERY % / Repair Message(s) = EXTRA DEDUCTION
iphone,apple,iphone_15_pro__carrier_locked,iphone 15 pro,,,,256gb,carrier_locked,b,iPhone Used,310.00,434.00,347.20,381.92,"{""a"":325.0,""b"":310.0,""c"":270.0,""d"":160.0,""doa"":65.0}","{""bad_back_camera"":{""kind"":""manual"",""reason"":""ask""},""bad_face_id"":{""kind"":""manual"",""reason"":""parts""},""battery_under_80"":{""kind"":""manual"",""reason"":""extra_deduction""},""cracked_back"":{""kind"":""flat_usd"",""value"":90.0},""cracked_lens"":{""kind"":""flat_usd"",""value"":70.0},""heavy_scratching"":{""kind"":""manual"",""reason"":""extra_deduction""},""repair_message"":{""kind"":""manual"",""reason"":""extra_deduction""}}",15 pro|iphone 15 pro|iphone 15 pro 256 gb|iphone 15 pro carrier locked|iphone 15 pro locked,Cracked Back = $90 off / Cracked Lens = $70 off / Bad Face ID = Parts / Bad Back Camera = ASK - - - HEAVY SCRATCHING / DEGRADED BATTERY % / Repair Message(s) = EXTRA DEDUCTION
iphone,apple,iphone_15_pro__carrier_locked,iphone 15 pro,,,,512gb,carrier_locked,b,iPhone Used,330.00,462.00,369.60,406.56,"{""a"":345.0,""b"":330.0,""c"":275.0,""d"":180.0,""doa"":65.0}","{""bad_back_camera"":{""kind"":""manual"",""reason"":""ask""},""bad_face_id"":{""kind"":""manual"",""reason"":""parts""},""battery_under_80"":{""kind"":""manual"",""reason"":""extra_deduction""},""cracked_back"":{""kind"":""flat_usd"",""value"":90.0},""cracked_lens"":{""kind"":""flat_usd"",""value"":70.0},""heavy_scratching"":{""kind"":""manual"",""reason"":""extra_deduction""},""repair_message"":{""kind"":""manual"",""reason"":""extra_deduction""}}",15 pro|iphone 15 pro|iphone 15 pro 512 gb|iphone 15 pro carrier locked|iphone 15 pro locked,Cracked Back = $90 off / Cracked Lens = $70 off / Bad Face ID = Parts / Bad Back Camera = ASK - - - HEAVY SCRATCHING / DEGRADED BATTERY % / Repair Message(s) = EXTRA DEDUCTION
iphone,apple,iphone_15_pro__carrier_locked,iphone 15 pro,,,,1tb,carrier_locked,b,iPhone Used,345.00,483.00,386.40,425.04,"{""a"":400.0,""b"":345.0,""c"":290.0,""d"":190.0,""doa"":65.0}","{""bad_back_camera"":{""kind"":""manual"",""reason"":""ask""},""bad_face_id"":{""kind"":""manual"",""reason"":""parts""},""battery_under_80"":{""kind"":""manual"",""reason"":""extra_deduction""},""cracked_back"":{""kind"":""flat_usd"",""value"":90.0},""cracked_lens"":{""kind"":""flat_usd"",""value"":70.0},""heavy_scratching"":{""kind"":""manual"",""reason"":""extra_deduction""},""repair_message"":{""kind"":""manual"",""reason"":""extra_deduction""}}",15 pro|iphone 15 pro|iphone 15 pro 1 tb|iphone 15 pro carrier locked|iphone 15 pro locked,Cracked Back = $90 off / Cracked Lens = $70 off / Bad Face ID = Parts / Bad Back Camera = ASK - - - HEAVY SCRATCHING / DEGRADED BATTERY % / Repair Message(s) = EXTRA DEDUCTION
iphone,apple,iphone_15_pro__unlocked,iphone 15 pro,,,,128gb,unlocked,b,iPhone Used,360.00,504.00,403.20,443.52,"{""a"":380.0,""b"":360.0,""c"":290.0,""d"":205.0,""doa"":65.0}","{""bad_back_camera"":{""kind"":""manual"",""reason"":""ask""},""bad_face_id"":{""kind"":""manual"",""reason"":""parts""},""battery_under_80"":{""kind"":""manual"",""reason"":""extra_deduction""},""cracked_back"":{""kind"":""flat_usd"",""value"":90.0},""cracked_lens"":{""kind"":""flat_usd"",""value"":70.0},""heavy_scratching"":{""kind"":""manual"",""reason"":""extra_deduction""},""repair_message"":{""kind"":""manual"",""reason"":""extra_deduction""}}",15 pro|iphone 15 pro|iphone 15 pro 128 gb|iphone 15 pro unlocked,Cracked Back = $90 off / Cracked Lens = $70 off / Bad Face ID = Parts / Bad Back Camera = ASK - - - HEAVY SCRATCHING / DEGRADED BATTERY % / Repair Message(s) = EXTRA DEDUCTION
iphone,apple,iphone_15_pro__unlocked,iphone 15 pro,,,,256gb,unlocked,b,iPhone Used,380.00,532.00,425.60,468.16,"{""a"":400.0,""b"":380.0,""c"":310.0,""d"":230.0,""doa"":65.0}","{""bad_back_camera"":{""kind"":""manual"",""reason"":""ask""},""bad_face_id"":{""kind"":""manual"",""reason"":""parts""},""battery_under_80"":{""kind"":""manual"",""reason"":""extra_deduction""},""cracked_back"":{""kind"":""flat_usd"",""value"":90.0},""cracked_lens"":{""kind"":""flat_usd"",""value"":70.0},""heavy_scratching"":{""kind"":""manual"",""reason"":""extra_deduction""},""repair_message"":{""kind"":""manual"",""reason"":""extra_deduction""}}",15 pro|iphone 15 pro|iphone 15 pro 256 gb|iphone 15 pro unlocked,Cracked Back = $90 off / Cracked Lens = $70 off / Bad Face ID = Parts / Bad Back Camera = ASK - - - HEAVY SCRATCHING / DEGRADED BATTERY % / Repair Message(s) = EXTRA DEDUCTION
iphone,apple,iphone_15_pro__unlocked,iphone 15 pro,,,,512gb,unlocked,b,iPhone Used,400.00,560.00,448.00,492.80,"{""a"":420.0,""b"":400.0,""c"":330.0,""d"":250.0,""doa"":65.0}","{""bad_back_camera"":{""kind"":""manual"",""reason"":""ask""},""bad_face_id"":{""kind"":""manual"",""reason"":""parts""},""battery_under_80"":{""kind"":""manual"",""reason"":""extra_deduction""},""cracked_back"":{""kind"":""flat_usd"",""value"":90.0},""cracked_lens"":{""kind"":""flat_usd"",""value"":70.0},""heavy_scratching"":{""kind"":""manual"",""reason"":""extra_deduction""},""repair_message"":{""kind"":""manual"",""reason"":""extra_deduction""}}",15 pro|iphone 15 pro|iphone 15 pro 512 gb|iphone 15 pro unlocked,Cracked Back = $90 off / Cracked Lens = $70 off / Bad Face ID = Parts / Bad Back Camera = ASK - - - HEAVY SCRATCHING / DEGRADED BATTERY % / Repair Message(s) = EXTRA DEDUCTION
iphone,apple,iphone_15_pro__unlocked,iphone 15 pro,,,,1tb,unlocked,b,iPhone Used,415.00,581.00,464.80,511.28,"{""a"":435.0,""b"":415.0,""c"":305.0,""d"":235.0,""doa"":65.0}","{""bad_back_camera"":{""kind"":""manual"",""reason"":""ask""},""bad_face_id"":{""kind"":""manual"",""reason"":""parts""},""battery_under_80"":{""kind"":""manual"",""reason"":""extra_deduction""},""cracked_back"":{""kind"":""flat_usd"",""value"":90.0},""cracked_lens"":{""kind"":""flat_usd"",""value"":70.0},""heavy_scratching"":{""kind"":""manual"",""reason"":""extra_deduction""},""repair_message"":{""kind"":""manual"",""reason"":""extra_deduction""}}",15 pro|iphone 15 pro|iphone 15 pro 1 tb|iphone 15 pro unlocked,Cracked Back = $90 off / Cracked Lens = $70 off / Bad Face ID = Parts / Bad Back Camera = ASK - - - HEAVY SCRATCHING / DEGRADED BATTERY % / Repair Message(s) = EXTRA DEDUCTION
iphone,apple,iphone_15_pro_max__carrier_locked,iphone 15 pro max,,,,256gb,carrier_locked,b,iPhone Used,355.00,497.00,397.60,437.36,"{""a"":380.0,""b"":355.0,""c"":300.0,""d"":185.0,""doa"":105.0}","{""bad_back_camera"":{""kind"":""manual"",""reason"":""ask""},""bad_face_id"":{""kind"":""manual"",""reason"":""parts""},""battery_under_80"":{""kind"":""manual"",""reason"":""extra_deduction""},""cracked_back"":{""kind"":""flat_usd"",""value"":100.0},""cracked_lens"":{""kind"":""flat_usd"",""value"":70.0},""heavy_scratching"":{""kind"":""manual"",""reason"":""extra_deduction""},""repair_message"":{""kind"":""manual"",""reason"":""extra_deduction""}}",15 pro max|iphone 15 pm|iphone 15 pro max|iphone 15 pro max 256 gb|iphone 15 pro max carrier locked|iphone 15 pro max locked,Cracked Back = $100 off / Cracked Lens = $70 off / Bad Face ID = Parts / Bad Back Camera = ASK - - - HEAVY SCRATCHING / DEGRADED BATTERY % / Repair Message(s) = EXTRA DEDUCTION
iphone,apple,iphone_15_pro_max__carrier_locked,iphone 15 pro max,,,,512gb,carrier_locked,b,iPhone Used,385.00,539.00,431.20,474.32,"{""a"":410.0,""b"":385.0,""c"":330.0,""d"":200.0,""doa"":105.0}","{""bad_back_camera"":{""kind"":""manual"",""reason"":""ask""},""bad_face_id"":{""kind"":""manual"",""reason"":""parts""},""battery_under_80"":{""kind"":""manual"",""reason"":""extra_deduction""},""cracked_back"":{""kind"":""flat_usd"",""value"":100.0},""cracked_lens"":{""kind"":""flat_usd"",""value"":70.0},""heavy_scratching"":{""kind"":""manual"",""reason"":""extra_deduction""},""repair_message"":{""kind"":""manual"",""reason"":""extra_deduction""}}",15 pro max|iphone 15 pm|iphone 15 pro max|iphone 15 pro max 512 gb|iphone 15 pro max carrier locked|iphone 15 pro max locked,Cracked Back = $100 off / Cracked Lens = $70 off / Bad Face ID = Parts / Bad Back Camera = ASK - - - HEAVY SCRATCHING / DEGRADED BATTERY % / Repair Message(s) = EXTRA DEDUCTION
iphone,apple,iphone_15_pro_max__carrier_locked,iphone 15 pro max,,,,1tb,carrier_locked,b,iPhone Used,405.00,567.00,453.60,498.96,"{""a"":515.0,""b"":405.0,""c"":345.0,""d"":220.0,""doa"":105.0}","{""bad_back_camera"":{""kind"":""manual"",""reason"":""ask""},""bad_face_id"":{""kind"":""manual"",""reason"":""parts""},""battery_under_80"":{""kind"":""manual"",""reason"":""extra_deduction""},""cracked_back"":{""kind"":""flat_usd"",""value"":100.0},""cracked_lens"":{""kind"":""flat_usd"",""value"":70.0},""heavy_scratching"":{""kind"":""manual"",""reason"":""extra_deduction""},""repair_message"":{""kind"":""manual"",""reason"":""extra_deduction""}}",15 pro max|iphone 15 pm|iphone 15 pro max|iphone 15 pro max 1 tb|iphone 15 pro max carrier locked|iphone 15 pro max locked,Cracked Back = $100 off / Cracked Lens = $70 off / Bad Face ID = Parts / Bad Back Camera = ASK - - - HEAVY SCRATCHING / DEGRADED BATTERY % / Repair Message(s) = EXTRA DEDUCTION
iphone,apple,iphone_15_pro_max__unlocked,iphone 15 pro max,,,,256gb,unlocked,b,iPhone Used,420.00,588.00,470.40,517.44,"{""a"":440.0,""b"":420.0,""c"":365.0,""d"":270.0,""doa"":105.0}","{""bad_back_camera"":{""kind"":""manual"",""reason"":""ask""},""bad_face_id"":{""kind"":""manual"",""reason"":""parts""},""battery_under_80"":{""kind"":""manual"",""reason"":""extra_deduction""},""cracked_back"":{""kind"":""flat_usd"",""value"":100.0},""cracked_lens"":{""kind"":""flat_usd"",""value"":70.0},""heavy_scratching"":{""kind"":""manual"",""reason"":""extra_deduction""},""repair_message"":{""kind"":""manual"",""reason"":""extra_deduction""}}",15 pro max|iphone 15 pm|iphone 15 pro max|iphone 15 pro max 256 gb|iphone 15 pro max unlocked,Cracked Back = $100 off / Cracked Lens = $70 off / Bad Face ID = Parts / Bad Back Camera = ASK - - - HEAVY SCRATCHING / DEGRADED BATTERY % / Repair Message(s) = EXTRA DEDUCTION
iphone,apple,iphone_15_pro_max__unlocked,iphone 15 pro max,,,,512gb,unlocked,b,iPhone Used,440.00,616.00,492.80,542.08,"{""a"":460.0,""b"":440.0,""c"":385.0,""d"":295.0,""doa"":105.0}","{""bad_back_camera"":{""kind"":""manual"",""reason"":""ask""},""bad_face_id"":{""kind"":""manual"",""reason"":""parts""},""battery_under_80"":{""kind"":""manual"",""reason"":""extra_deduction""},""cracked_back"":{""kind"":""flat_usd"",""value"":100.0},""cracked_lens"":{""kind"":""flat_usd"",""value"":70.0},""heavy_scratching"":{""kind"":""manual"",""reason"":""extra_deduction""},""repair_message"":{""kind"":""manual"",""reason"":""extra_deduction""}}",15 pro max|iphone 15 pm|iphone 15 pro max|iphone 15 pro max 512 gb|iphone 15 pro max unlocked,Cracked Back = $100 off / Cracked Lens = $70 off / Bad Face ID = Parts / Bad Back Camera = ASK - - - HEAVY SCRATCHING / DEGRADED BATTERY % / Repair Message(s) = EXTRA DEDUCTION
iphone,apple,iphone_15_pro_max__unlocked,iphone 15 pro max,,,,1tb,unlocked,b,iPhone Used,460.00,644.00,515.20,566.72,"{""a"":480.0,""b"":460.0,""c"":405.0,""d"":310.0,""doa"":105.0}","{""bad_back_camera"":{""kind"":""manual"",""reason"":""ask""},""bad_face_id"":{""kind"":""manual"",""reason"":""parts""},""battery_under_80"":{""kind"":""manual"",""reason"":""extra_deduction""},""cracked_back"":{""kind"":""flat_usd"",""value"":100.0},""cracked_lens"":{""kind"":""flat_usd"",""value"":70.0},""heavy_scratching"":{""kind"":""manual"",""reason"":""extra_deduction""},""repair_message"":{""kind"":""manual"",""reason"":""extra_deduction""}}",15 pro max|iphone 15 pm|iphone 15 pro max|iphone 15 pro max 1 tb|iphone 15 pro max unlocked,Cracked Back = $100 off / Cracked Lens = $70 off / Bad Face ID = Parts / Bad Back Camera = ASK - - - HEAVY SCRATCHING / DEGRADED BATTERY % / Repair Message(s) = EXTRA DEDUCTION
iphone,apple,iphone_16__carrier_locked,iphone 16,,,,128gb,carrier_locked,b,iPhone Used,285.00,399.00,319.20,351.12,"{""a"":305.0,""b"":285.0,""c"":250.0,""d"":145.0,""doa"":43.0}","{""bad_back_camera"":{""kind"":""manual"",""reason"":""ask""},""bad_face_id"":{""kind"":""manual"",""reason"":""parts""},""battery_under_80"":{""kind"":""manual"",""reason"":""extra_deduction""},""cracked_back"":{""kind"":""flat_usd"",""value"":70.0},""cracked_lens"":{""kind"":""flat_usd"",""value"":60.0},""heavy_scratching"":{""kind"":""manual"",""reason"":""extra_deduction""},""repair_message"":{""kind"":""manual"",""reason"":""extra_deduction""}}",iphone 16|iphone 16 128 gb|iphone 16 carrier locked|iphone 16 locked,Cracked Back = $70 off / Cracked Lens = $60 off / Bad Face ID = Parts / Bad Back Camera = ASK - - - HEAVY SCRATCHING / DEGRADED BATTERY % / Repair Message(s) = EXTRA DEDUCTION
iphone,apple,iphone_16__carrier_locked,iphone 16,,,,256gb,carrier_locked,b,iPhone Used,315.00,441.00,352.80,388.08,"{""a"":335.0,""b"":315.0,""c"":280.0,""d"":160.0,""doa"":43.0}","{""bad_back_camera"":{""kind"":""manual"",""reason"":""ask""},""bad_face_id"":{""kind"":""manual"",""reason"":""parts""},""battery_under_80"":{""kind"":""manual"",""reason"":""extra_deduction""},""cracked_back"":{""kind"":""flat_usd"",""value"":70.0},""cracked_lens"":{""kind"":""flat_usd"",""value"":60.0},""heavy_scratching"":{""kind"":""manual"",""reason"":""extra_deduction""},""repair_message"":{""kind"":""manual"",""reason"":""extra_deduction""}}",iphone 16|iphone 16 256 gb|iphone 16 carrier locked|iphone 16 locked,Cracked Back = $70 off / Cracked Lens = $60 off / Bad Face ID = Parts / Bad Back Camera = ASK - - - HEAVY SCRATCHING / DEGRADED BATTERY % / Repair Message(s) = EXTRA DEDUCTION
iphone,apple,iphone_16__carrier_locked,iphone 16,,,,512gb,carrier_locked,b,iPhone Used,345.00,483.00,386.40,425.04,"{""a"":365.0,""b"":345.0,""c"":300.0,""d"":175.0,""doa"":43.0}","{""bad_back_camera"":{""kind"":""manual"",""reason"":""ask""},""bad_face_id"":{""kind"":""manual"",""reason"":""parts""},""battery_under_80"":{""kind"":""manual"",""reason"":""extra_deduction""},""cracked_back"":{""kind"":""flat_usd"",""value"":70.0},""cracked_lens"":{""kind"":""flat_usd"",""value"":60.0},""heavy_scratching"":{""kind"":""manual"",""reason"":""extra_deduction""},""repair_message"":{""kind"":""manual"",""reason"":""extra_deduction""}}",iphone 16|iphone 16 512 gb|iphone 16 carrier locked|iphone 16 locked,Cracked Back = $70 off / Cracked Lens = $60 off / Bad Face ID = Parts / Bad Back Camera = ASK - - - HEAVY SCRATCHING / DEGRADED BATTERY % / Repair Message(s) = EXTRA DEDUCTION
iphone,apple,iphone_16__unlocked,iphone 16,,,,128gb,unlocked,b,iPhone Used,425.00,595.00,476.00,523.60,"{""a"":445.0,""b"":425.0,""c"":325.0,""d"":220.0,""doa"":43.0}","{""bad_back_camera"":{""kind"":""manual"",""reason"":""ask""},""bad_face_id"":{""kind"":""manual"",""reason"":""parts""},""battery_under_80"":{""kind"":""manual"",""reason"":""extra_deduction""},""cracked_back"":{""kind"":""flat_usd"",""value"":70.0},""cracked_lens"":{""kind"":""flat_usd"",""value"":60.0},""heavy_scratching"":{""kind"":""manual"",""reason"":""extra_deduction""},""repair_message"":{""kind"":""manual"",""reason"":""extra_deduction""}}",iphone 16|iphone 16 128 gb|iphone 16 unlocked,Cracked Back = $70 off / Cracked Lens = $60 off / Bad Face ID = Parts / Bad Back Camera = ASK - - - HEAVY SCRATCHING / DEGRADED BATTERY % / Repair Message(s) = EXTRA DEDUCTION
iphone,apple,iphone_16__unlocked,iphone 16,,,,256gb,unlocked,b,iPhone Used,455.00,637.00,509.60,560.56,"{""a"":475.0,""b"":455.0,""c"":355.0,""d"":250.0,""doa"":43.0}","{""bad_back_camera"":{""kind"":""manual"",""reason"":""ask""},""bad_face_id"":{""kind"":""manual"",""reason"":""parts""},""battery_under_80"":{""kind"":""manual"",""reason"":""extra_deduction""},""cracked_back"":{""kind"":""flat_usd"",""value"":70.0},""cracked_lens"":{""kind"":""flat_usd"",""value"":60.0},""heavy_scratching"":{""kind"":""manual"",""reason"":""extra_deduction""},""repair_message"":{""kind"":""manual"",""reason"":""extra_deduction""}}",iphone 16|iphone 16 256 gb|iphone 16 unlocked,Cracked Back = $70 off / Cracked Lens = $60 off / Bad Face ID = Parts / Bad Back Camera = ASK - - - HEAVY SCRATCHING / DEGRADED BATTERY % / Repair Message(s) = EXTRA DEDUCTION
iphone,apple,iphone_16__unlocked,iphone 16,,,,512gb,unlocked,b,iPhone Used,475.00,665.00,532.00,585.20,"{""a"":495.0,""b"":475.0,""c"":370.0,""d"":260.0,""doa"":43.0}","{""bad_back_camera"":{""kind"":""manual"",""reason"":""ask""},""bad_face_id"":{""kind"":""manual"",""reason"":""parts""},""battery_under_80"":{""kind"":""manual"",""reason"":""extra_deduction""},""cracked_back"":{""kind"":""flat_usd"",""value"":70.0},""cracked_lens"":{""kind"":""flat_usd"",""value"":60.0},""heavy_scratching"":{""kind"":""manual"",""reason"":""extra_deduction""},""repair_message"":{""kind"":""manual"",""reason"":""extra_deduction""}}",iphone 16|iphone 16 512 gb|iphone 16 unlocked,Cracked Back = $70 off / Cracked Lens = $60 off / Bad Face ID = Parts / Bad Back Camera = ASK - - - HEAVY SCRATCHING / DEGRADED BATTERY % / Repair Message(s) = EXTRA DEDUCTION
iphone,apple,iphone_16_e__carrier_locked,iphone 16 e,,,,128gb,carrier_locked,b,iPhone Used,130.00,182.00,145.60,160.16,"{""a"":155.0,""b"":130.0,""c"":95.0,""d"":60.0,""doa"":26.0}","{""bad_back_camera"":{""kind"":""manual"",""reason"":""ask""},""bad_face_id"":{""kind"":""manual"",""reason"":""parts""},""battery_under_80"":{""kind"":""manual"",""reason"":""extra_deduction""},""cracked_back"":{""kind"":""flat_usd"",""value"":60.0},""cracked_lens"":{""kind"":""flat_usd"",""value"":50.0},""heavy_scratching"":{""kind"":""manual"",""reason"":""extra_deduction""},""repair_message"":{""kind"":""manual"",""reason"":""extra_deduction""}}",iphone 16 e|iphone 16 e 128 gb|iphone 16 e carrier locked|iphone 16 e locked,Cracked Back = $60 off / Cracked Lens = $50 off / Bad Face ID = Parts / Bad Back Camera = ASK - - - HEAVY SCRATCHING / DEGRADED BATTERY % / Repair Message(s) = EXTRA DEDUCTION
iphone,apple,iphone_16_e__carrier_locked,iphone 16 e,,,,256gb,carrier_locked,b,iPhone Used,145.00,203.00,162.40,178.64,"{""a"":175.0,""b"":145.0,""c"":120.0,""d"":85.0,""doa"":26.0}","{""bad_back_camera"":{""kind"":""manual"",""reason"":""ask""},""bad_face_id"":{""kind"":""manual"",""reason"":""parts""},""battery_under_80"":{""kind"":""manual"",""reason"":""extra_deduction""},""cracked_back"":{""kind"":""flat_usd"",""value"":60.0},""cracked_lens"":{""kind"":""flat_usd"",""value"":50.0},""heavy_scratching"":{""kind"":""manual"",""reason"":""extra_deduction""},""repair_message"":{""kind"":""manual"",""reason"":""extra_deduction""}}",iphone 16 e|iphone 16 e 256 gb|iphone 16 e carrier locked|iphone 16 e locked,Cracked Back = $60 off / Cracked Lens = $50 off / Bad Face ID = Parts / Bad Back Camera = ASK - - - HEAVY SCRATCHING / DEGRADED BATTERY % / Repair Message(s) = EXTRA DEDUCTION
iphone,apple,iphone_16_e__carrier_locked,iphone 16 e,,,,512gb,carrier_locked,b,iPhone Used,165.00,231.00,184.80,203.28,"{""a"":195.0,""b"":165.0,""c"":135.0,""d"":90.0,""doa"":26.0}","{""bad_back_camera"":{""kind"":""manual"",""reason"":""ask""},""bad_face_id"":{""kind"":""manual"",""reason"":""parts""},""battery_under_80"":{""kind"":""manual"",""reason"":""extra_deduction""},""cracked_back"":{""kind"":""flat_usd"",""value"":60.0},""cracked_lens"":{""kind"":""flat_usd"",""value"":50.0},""heavy_scratching"":{""kind"":""manual"",""reason"":""extra_deduction""},""repair_message"":{""kind"":""manual"",""reason"":""extra_deduction""}}",iphone 16 e|iphone 16 e 512 gb|iphone 16 e carrier locked|iphone 16 e locked,Cracked Back = $60 off / Cracked Lens = $50 off / Bad Face ID = Parts / Bad Back Camera = ASK - - - HEAVY SCRATCHING / DEGRADED BATTERY % / Repair Message(s) = EXTRA DEDUCTION
iphone,apple,iphone_16_e__unlocked,iphone 16 e,,,,128gb,unlocked,b,iPhone Used,270.00,378.00,302.40,332.64,"{""a"":285.0,""b"":270.0,""c"":185.0,""d"":140.0,""doa"":26.0}","{""bad_back_camera"":{""kind"":""manual"",""reason"":""ask""},""bad_face_id"":{""kind"":""manual"",""reason"":""parts""},""battery_under_80"":{""kind"":""manual"",""reason"":""extra_deduction""},""cracked_back"":{""kind"":""flat_usd"",""value"":60.0},""cracked_lens"":{""kind"":""flat_usd"",""value"":50.0},""heavy_scratching"":{""kind"":""manual"",""reason"":""extra_deduction""},""repair_message"":{""kind"":""manual"",""reason"":""extra_deduction""}}",iphone 16 e|iphone 16 e 128 gb|iphone 16 e unlocked,Cracked Back = $60 off / Cracked Lens = $50 off / Bad Face ID = Parts / Bad Back Camera = ASK - - - HEAVY SCRATCHING / DEGRADED BATTERY % / Repair Message(s) = EXTRA DEDUCTION
iphone,apple,iphone_16_e__unlocked,iphone 16 e,,,,256gb,unlocked,b,iPhone Used,300.00,420.00,336.00,369.60,"{""a"":315.0,""b"":300.0,""c"":210.0,""d"":165.0,""doa"":26.0}","{""bad_back_camera"":{""kind"":""manual"",""reason"":""ask""},""bad_face_id"":{""kind"":""manual"",""reason"":""parts""},""battery_under_80"":{""kind"":""manual"",""reason"":""extra_deduction""},""cracked_back"":{""kind"":""flat_usd"",""value"":60.0},""cracked_lens"":{""kind"":""flat_usd"",""value"":50.0},""heavy_scratching"":{""kind"":""manual"",""reason"":""extra_deduction""},""repair_message"":{""kind"":""manual"",""reason"":""extra_deduction""}}",iphone 16 e|iphone 16 e 256 gb|iphone 16 e unlocked,Cracked Back = $60 off / Cracked Lens = $50 off / Bad Face ID = Parts / Bad Back Camera = ASK - - - HEAVY SCRATCHING / DEGRADED BATTERY % / Repair Message(s) = EXTRA DEDUCTION
iphone,apple,iphone_16_e__unlocked,iphone 16 e,,,,512gb,unlocked,b,iPhone Used,320.00,448.00,358.40,394.24,"{""a"":335.0,""b"":320.0,""c"":230.0,""d"":180.0,""doa"":26.0}","{""bad_back_camera"":{""kind"":""manual"",""reason"":""ask""},""bad_face_id"":{""kind"":""manual"",""reason"":""parts""},""battery_under_80"":{""kind"":""manual"",""reason"":""extra_deduction""},""cracked_back"":{""kind"":""flat_usd"",""value"":60.0},""cracked_lens"":{""kind"":""flat_usd"",""value"":50.0},""heavy_scratching"":{""kind"":""manual"",""reason"":""extra_deduction""},""repair_message"":{""kind"":""manual"",""reason"":""extra_deduction""}}",iphone 16 e|iphone 16 e 512 gb|iphone 16 e unlocked,Cracked Back = $60 off / Cracked Lens = $50 off / Bad Face ID = Parts / Bad Back Camera = ASK - - - HEAVY SCRATCHING / DEGRADED BATTERY % / Repair Message(s) = EXTRA DEDUCTION
iphone,apple,iphone_16_plus__carrier_locked,iphone 16 plus,,,,128gb,carrier_locked,b,iPhone Used,305.00,427.00,341.60,375.76,"{""a"":325.0,""b"":305.0,""c"":235.0,""d"":150.0,""doa"":60.0}","{""bad_back_camera"":{""kind"":""manual"",""reason"":""ask""},""bad_face_id"":{""kind"":""manual"",""reason"":""parts""},""battery_under_80"":{""kind"":""manual"",""reason"":""extra_deduction""},""cracked_back"":{""kind"":""flat_usd"",""value"":85.0},""cracked_lens"":{""kind"":""flat_usd"",""value"":70.0},""heavy_scratching"":{""kind"":""manual"",""reason"":""extra_deduction""},""repair_message"":{""kind"":""manual"",""reason"":""extra_deduction""}}",16 plus|iphone 16 plus|iphone 16 plus 128 gb|iphone 16 plus carrier locked|iphone 16 plus locked,Cracked Back = $85 off / Cracked Lens = $70 off / Bad Face ID = Parts / Bad Back Camera = ASK - - - HEAVY SCRATCHING / DEGRADED BATTERY % / Repair Message(s) = EXTRA DEDUCTION
iphone,apple,iphone_16_plus__carrier_locked,iphone 16 plus,,,,256gb,carrier_locked,b,iPhone Used,345.00,483.00,386.40,425.04,"{""a"":365.0,""b"":345.0,""c"":265.0,""d"":180.0,""doa"":60.0}","{""bad_back_camera"":{""kind"":""manual"",""reason"":""ask""},""bad_face_id"":{""kind"":""manual"",""reason"":""parts""},""battery_under_80"":{""kind"":""manual"",""reason"":""extra_deduction""},""cracked_back"":{""kind"":""flat_usd"",""value"":85.0},""cracked_lens"":{""kind"":""flat_usd"",""value"":70.0},""heavy_scratching"":{""kind"":""manual"",""reason"":""extra_deduction""},""repair_message"":{""kind"":""manual"",""reason"":""extra_deduction""}}",16 plus|iphone 16 plus|iphone 16 plus 256 gb|iphone 16 plus carrier locked|iphone 16 plus locked,Cracked Back = $85 off / Cracked Lens = $70 off / Bad Face ID = Parts / Bad Back Camera = ASK - - - HEAVY SCRATCHING / DEGRADED BATTERY % / Repair Message(s) = EXTRA DEDUCTION
iphone,apple,iphone_16_plus__carrier_locked,iphone 16 plus,,,,512gb,carrier_locked,b,iPhone Used,385.00,539.00,431.20,474.32,"{""a"":395.0,""b"":385.0,""c"":300.0,""d"":190.0,""doa"":60.0}","{""bad_back_camera"":{""kind"":""manual"",""reason"":""ask""},""bad_face_id"":{""kind"":""manual"",""reason"":""parts""},""battery_under_80"":{""kind"":""manual"",""reason"":""extra_deduction""},""cracked_back"":{""kind"":""flat_usd"",""value"":85.0},""cracked_lens"":{""kind"":""flat_usd"",""value"":70.0},""heavy_scratching"":{""kind"":""manual"",""reason"":""extra_deduction""},""repair_message"":{""kind"":""manual"",""reason"":""extra_deduction""}}",16 plus|iphone 16 plus|iphone 16 plus 512 gb|iphone 16 plus carrier locked|iphone 16 plus locked,Cracked Back = $85 off / Cracked Lens = $70 off / Bad Face ID = Parts / Bad Back Camera = ASK - - - HEAVY SCRATCHING / DEGRADED BATTERY % / Repair Message(s) = EXTRA DEDUCTION
iphone,apple,iphone_16_plus__unlocked,iphone 16 plus,,,,128gb,unlocked,b,iPhone Used,445.00,623.00,498.40,548.24,"{""a"":465.0,""b"":445.0,""c"":340.0,""d"":240.0,""doa"":60.0}","{""bad_back_camera"":{""kind"":""manual"",""reason"":""ask""},""bad_face_id"":{""kind"":""manual"",""reason"":""parts""},""battery_under_80"":{""kind"":""manual"",""reason"":""extra_deduction""},""cracked_back"":{""kind"":""flat_usd"",""value"":85.0},""cracked_lens"":{""kind"":""flat_usd"",""value"":70.0},""heavy_scratching"":{""kind"":""manual"",""reason"":""extra_deduction""},""repair_message"":{""kind"":""manual"",""reason"":""extra_deduction""}}",16 plus|iphone 16 plus|iphone 16 plus 128 gb|iphone 16 plus unlocked,Cracked Back = $85 off / Cracked Lens = $70 off / Bad Face ID = Parts / Bad Back Camera = ASK - - - HEAVY SCRATCHING / DEGRADED BATTERY % / Repair Message(s) = EXTRA DEDUCTION
iphone,apple,iphone_16_plus__unlocked,iphone 16 plus,,,,256gb,unlocked,b,iPhone Used,475.00,665.00,532.00,585.20,"{""a"":495.0,""b"":475.0,""c"":365.0,""d"":265.0,""doa"":60.0}","{""bad_back_camera"":{""kind"":""manual"",""reason"":""ask""},""bad_face_id"":{""kind"":""manual"",""reason"":""parts""},""battery_under_80"":{""kind"":""manual"",""reason"":""extra_deduction""},""cracked_back"":{""kind"":""flat_usd"",""value"":85.0},""cracked_lens"":{""kind"":""flat_usd"",""value"":70.0},""heavy_scratching"":{""kind"":""manual"",""reason"":""extra_deduction""},""repair_message"":{""kind"":""manual"",""reason"":""extra_deduction""}}",16 plus|iphone 16 plus|iphone 16 plus 256 gb|iphone 16 plus unlocked,Cracked Back = $85 off / Cracked Lens = $70 off / Bad Face ID = Parts / Bad Back Camera = ASK - - - HEAVY SCRATCHING / DEGRADED BATTERY % / Repair Message(s) = EXTRA DEDUCTION
iphone,apple,iphone_16_plus__unlocked,iphone 16 plus,,,,512gb,unlocked,b,iPhone Used,505.00,707.00,565.60,622.16,"{""a"":525.0,""b"":505.0,""c"":395.0,""d"":285.0,""doa"":60.0}","{""bad_back_camera"":{""kind"":""manual"",""reason"":""ask""},""bad_face_id"":{""kind"":""manual"",""reason"":""parts""},""battery_under_80"":{""kind"":""manual"",""reason"":""extra_deduction""},""cracked_back"":{""kind"":""flat_usd"",""value"":85.0},""cracked_lens"":{""kind"":""flat_usd"",""value"":70.0},""heavy_scratching"":{""kind"":""manual"",""reason"":""extra_deduction""},""repair_message"":{""kind"":""manual"",""reason"":""extra_deduction""}}",16 plus|iphone 16 plus|iphone 16 plus 512 gb|iphone 16 plus unlocked,Cracked Back = $85 off / Cracked Lens = $70 off / Bad Face ID = Parts / Bad Back Camera = ASK - - - HEAVY SCRATCHING / DEGRADED BATTERY % / Repair Message(s) = EXTRA DEDUCTION
iphone,apple,iphone_16_pro__carrier_locked,iphone 16 pro,,,,128gb,carrier_locked,b,iPhone Used,385.00,539.00,431.20,474.32,"{""a"":405.0,""b"":385.0,""c"":320.0,""d"":190.0,""doa"":100.0}","{""bad_back_camera"":{""kind"":""manual"",""reason"":""ask""},""bad_face_id"":{""kind"":""manual"",""reason"":""parts""},""battery_under_80"":{""kind"":""manual"",""reason"":""extra_deduction""},""cracked_back"":{""kind"":""flat_usd"",""value"":100.0},""cracked_lens"":{""kind"":""flat_usd"",""value"":70.0},""heavy_scratching"":{""kind"":""manual"",""reason"":""extra_deduction""},""repair_message"":{""kind"":""manual"",""reason"":""extra_deduction""}}",16 pro|iphone 16 pro|iphone 16 pro 128 gb|iphone 16 pro carrier locked|iphone 16 pro locked,Cracked Back = $100 off / Cracked Lens = $70 off / Bad Face ID = Parts / Bad Back Camera = ASK - - - HEAVY SCRATCHING / DEGRADED BATTERY % / Repair Message(s) = EXTRA DEDUCTION
iphone,apple,iphone_16_pro__carrier_locked,iphone 16 pro,,,,256gb,carrier_locked,b,iPhone Used,425.00,595.00,476.00,523.60,"{""a"":455.0,""b"":425.0,""c"":350.0,""d"":220.0,""doa"":100.0}","{""bad_back_camera"":{""kind"":""manual"",""reason"":""ask""},""bad_face_id"":{""kind"":""manual"",""reason"":""parts""},""battery_under_80"":{""kind"":""manual"",""reason"":""extra_deduction""},""cracked_back"":{""kind"":""flat_usd"",""value"":100.0},""cracked_lens"":{""kind"":""flat_usd"",""value"":70.0},""heavy_scratching"":{""kind"":""manual"",""reason"":""extra_deduction""},""repair_message"":{""kind"":""manual"",""reason"":""extra_deduction""}}",16 pro|iphone 16 pro|iphone 16 pro 256 gb|iphone 16 pro carrier locked|iphone 16 pro locked,Cracked Back = $100 off / Cracked Lens = $70 off / Bad Face ID = Parts / Bad Back Camera = ASK - - - HEAVY SCRATCHING / DEGRADED BATTERY % / Repair Message(s) = EXTRA DEDUCTION
iphone,apple,iphone_16_pro__carrier_locked,iphone 16 pro,,,,512gb,carrier_locked,b,iPhone Used,465.00,651.00,520.80,572.88,"{""a"":495.0,""b"":465.0,""c"":380.0,""d"":240.0,""doa"":100.0}","{""bad_back_camera"":{""kind"":""manual"",""reason"":""ask""},""bad_face_id"":{""kind"":""manual"",""reason"":""parts""},""battery_under_80"":{""kind"":""manual"",""reason"":""extra_deduction""},""cracked_back"":{""kind"":""flat_usd"",""value"":100.0},""cracked_lens"":{""kind"":""flat_usd"",""value"":70.0},""heavy_scratching"":{""kind"":""manual"",""reason"":""extra_deduction""},""repair_message"":{""kind"":""manual"",""reason"":""extra_deduction""}}",16 pro|iphone 16 pro|iphone 16 pro 512 gb|iphone 16 pro carrier locked|iphone 16 pro locked,Cracked Back = $100 off / Cracked Lens = $70 off / Bad Face ID = Parts / Bad Back Camera = ASK - - - HEAVY SCRATCHING / DEGRADED BATTERY % / Repair Message(s) = EXTRA DEDUCTION
iphone,apple,iphone_16_pro__carrier_locked,iphone 16 pro,,,,1tb,carrier_locked,b,iPhone Used,495.00,693.00,554.40,609.84,"{""a"":525.0,""b"":495.0,""c"":420.0,""d"":270.0,""doa"":100.0}","{""bad_back_camera"":{""kind"":""manual"",""reason"":""ask""},""bad_face_id"":{""kind"":""manual"",""reason"":""parts""},""battery_under_80"":{""kind"":""manual"",""reason"":""extra_deduction""},""cracked_back"":{""kind"":""flat_usd"",""value"":100.0},""cracked_lens"":{""kind"":""flat_usd"",""value"":70.0},""heavy_scratching"":{""kind"":""manual"",""reason"":""extra_deduction""},""repair_message"":{""kind"":""manual"",""reason"":""extra_deduction""}}",16 pro|iphone 16 pro|iphone 16 pro 1 tb|iphone 16 pro carrier locked|iphone 16 pro locked,Cracked Back = $100 off / Cracked Lens = $70 off / Bad Face ID = Parts / Bad Back Camera = ASK - - - HEAVY SCRATCHING / DEGRADED BATTERY % / Repair Message(s) = EXTRA DEDUCTION
iphone,apple,iphone_16_pro__unlocked,iphone 16 pro,,,,128gb,unlocked,b,iPhone Used,520.00,728.00,582.40,640.64,"{""a"":540.0,""b"":520.0,""c"":385.0,""d"":265.0,""doa"":100.0}","{""bad_back_camera"":{""kind"":""manual"",""reason"":""ask""},""bad_face_id"":{""kind"":""manual"",""reason"":""parts""},""battery_under_80"":{""kind"":""manual"",""reason"":""extra_deduction""},""cracked_back"":{""kind"":""flat_usd"",""value"":100.0},""cracked_lens"":{""kind"":""flat_usd"",""value"":70.0},""heavy_scratching"":{""kind"":""manual"",""reason"":""extra_deduction""},""repair_message"":{""kind"":""manual"",""reason"":""extra_deduction""}}",16 pro|iphone 16 pro|iphone 16 pro 128 gb|iphone 16 pro unlocked,Cracked Back = $100 off / Cracked Lens = $70 off / Bad Face ID = Parts / Bad Back Camera = ASK - - - HEAVY SCRATCHING / DEGRADED BATTERY % / Repair Message(s) = EXTRA DEDUCTION
iphone,apple,iphone_16_pro__unlocked,iphone 16 pro,,,,256gb,unlocked,b,iPhone Used,545.00,763.00,610.40,671.44,"{""a"":565.0,""b"":545.0,""c"":410.0,""d"":295.0,""doa"":100.0}","{""bad_back_camera"":{""kind"":""manual"",""reason"":""ask""},""bad_face_id"":{""kind"":""manual"",""reason"":""parts""},""battery_under_80"":{""kind"":""manual"",""reason"":""extra_deduction""},""cracked_back"":{""kind"":""flat_usd"",""value"":100.0},""cracked_lens"":{""kind"":""flat_usd"",""value"":70.0},""heavy_scratching"":{""kind"":""manual"",""reason"":""extra_deduction""},""repair_message"":{""kind"":""manual"",""reason"":""extra_deduction""}}",16 pro|iphone 16 pro|iphone 16 pro 256 gb|iphone 16 pro unlocked,Cracked Back = $100 off / Cracked Lens = $70 off / Bad Face ID = Parts / Bad Back Camera = ASK - - - HEAVY SCRATCHING / DEGRADED BATTERY % / Repair Message(s) = EXTRA DEDUCTION
iphone,apple,iphone_16_pro__unlocked,iphone 16 pro,,,,512gb,unlocked,b,iPhone Used,565.00,791.00,632.80,696.08,"{""a"":585.0,""b"":565.0,""c"":440.0,""d"":310.0,""doa"":100.0}","{""bad_back_camera"":{""kind"":""manual"",""reason"":""ask""},""bad_face_id"":{""kind"":""manual"",""reason"":""parts""},""battery_under_80"":{""kind"":""manual"",""reason"":""extra_deduction""},""cracked_back"":{""kind"":""flat_usd"",""value"":100.0},""cracked_lens"":{""kind"":""flat_usd"",""value"":70.0},""heavy_scratching"":{""kind"":""manual"",""reason"":""extra_deduction""},""repair_message"":{""kind"":""manual"",""reason"":""extra_deduction""}}",16 pro|iphone 16 pro|iphone 16 pro 512 gb|iphone 16 pro unlocked,Cracked Back = $100 off / Cracked Lens = $70 off / Bad Face ID = Parts / Bad Back Camera = ASK - - - HEAVY SCRATCHING / DEGRADED BATTERY % / Repair Message(s) = EXTRA DEDUCTION
iphone,apple,iphone_16_pro__unlocked,iphone 16 pro,,,,1tb,unlocked,b,iPhone Used,580.00,812.00,649.60,714.56,"{""a"":600.0,""b"":580.0,""c"":535.0,""d"":285.0,""doa"":100.0}","{""bad_back_camera"":{""kind"":""manual"",""reason"":""ask""},""bad_face_id"":{""kind"":""manual"",""reason"":""parts""},""battery_under_80"":{""kind"":""manual"",""reason"":""extra_deduction""},""cracked_back"":{""kind"":""flat_usd"",""value"":100.0},""cracked_lens"":{""kind"":""flat_usd"",""value"":70.0},""heavy_scratching"":{""kind"":""manual"",""reason"":""extra_deduction""},""repair_message"":{""kind"":""manual"",""reason"":""extra_deduction""}}",16 pro|iphone 16 pro|iphone 16 pro 1 tb|iphone 16 pro unlocked,Cracked Back = $100 off / Cracked Lens = $70 off / Bad Face ID = Parts / Bad Back Camera = ASK - - - HEAVY SCRATCHING / DEGRADED BATTERY % / Repair Message(s) = EXTRA DEDUCTION
iphone,apple,iphone_16_pro_max__carrier_locked,iphone 16 pro max,,,,256gb,carrier_locked,b,iPhone Used,520.00,728.00,582.40,640.64,"{""a"":545.0,""b"":520.0,""c"":445.0,""d"":245.0,""doa"":170.0}","{""bad_back_camera"":{""kind"":""manual"",""reason"":""ask""},""bad_face_id"":{""kind"":""manual"",""reason"":""parts""},""battery_under_80"":{""kind"":""manual"",""reason"":""extra_deduction""},""cracked_back"":{""kind"":""flat_usd"",""value"":120.0},""cracked_lens"":{""kind"":""flat_usd"",""value"":70.0},""heavy_scratching"":{""kind"":""manual"",""reason"":""extra_deduction""},""repair_message"":{""kind"":""manual"",""reason"":""extra_deduction""}}",16 pro max|iphone 16 pm|iphone 16 pro max|iphone 16 pro max 256 gb|iphone 16 pro max carrier locked|iphone 16 pro max locked,Cracked Back = $120 off / Cracked Lens = $70 off / Bad Face ID = Parts / Bad Back Camera = ASK - - - HEAVY SCRATCHING / DEGRADED BATTERY % / Repair Message(s) = EXTRA DEDUCTION
iphone,apple,iphone_16_pro_max__carrier_locked,iphone 16 pro max,,,,512gb,carrier_locked,b,iPhone Used,560.00,784.00,627.20,689.92,"{""a"":585.0,""b"":560.0,""c"":475.0,""d"":270.0,""doa"":170.0}","{""bad_back_camera"":{""kind"":""manual"",""reason"":""ask""},""bad_face_id"":{""kind"":""manual"",""reason"":""parts""},""battery_under_80"":{""kind"":""manual"",""reason"":""extra_deduction""},""cracked_back"":{""kind"":""flat_usd"",""value"":120.0},""cracked_lens"":{""kind"":""flat_usd"",""value"":70.0},""heavy_scratching"":{""kind"":""manual"",""reason"":""extra_deduction""},""repair_message"":{""kind"":""manual"",""reason"":""extra_deduction""}}",16 pro max|iphone 16 pm|iphone 16 pro max|iphone 16 pro max 512 gb|iphone 16 pro max carrier locked|iphone 16 pro max locked,Cracked Back = $120 off / Cracked Lens = $70 off / Bad Face ID = Parts / Bad Back Camera = ASK - - - HEAVY SCRATCHING / DEGRADED BATTERY % / Repair Message(s) = EXTRA DEDUCTION
iphone,apple,iphone_16_pro_max__carrier_locked,iphone 16 pro max,,,,1tb,carrier_locked,b,iPhone Used,610.00,854.00,683.20,751.52,"{""a"":635.0,""b"":610.0,""c"":485.0,""d"":320.0,""doa"":170.0}","{""bad_back_camera"":{""kind"":""manual"",""reason"":""ask""},""bad_face_id"":{""kind"":""manual"",""reason"":""parts""},""battery_under_80"":{""kind"":""manual"",""reason"":""extra_deduction""},""cracked_back"":{""kind"":""flat_usd"",""value"":120.0},""cracked_lens"":{""kind"":""flat_usd"",""value"":70.0},""heavy_scratching"":{""kind"":""manual"",""reason"":""extra_deduction""},""repair_message"":{""kind"":""manual"",""reason"":""extra_deduction""}}",16 pro max|iphone 16 pm|iphone 16 pro max|iphone 16 pro max 1 tb|iphone 16 pro max carrier locked|iphone 16 pro max locked,Cracked Back = $120 off / Cracked Lens = $70 off / Bad Face ID = Parts / Bad Back Camera = ASK - - - HEAVY SCRATCHING / DEGRADED BATTERY % / Repair Message(s) = EXTRA DEDUCTION
iphone,apple,iphone_16_pro_max__unlocked,iphone 16 pro max,,,,256gb,unlocked,b,iPhone Used,625.00,875.00,700.00,770.00,"{""a"":645.0,""b"":625.0,""c"":510.0,""d"":345.0,""doa"":170.0}","{""bad_back_camera"":{""kind"":""manual"",""reason"":""ask""},""bad_face_id"":{""kind"":""manual"",""reason"":""parts""},""battery_under_80"":{""kind"":""manual"",""reason"":""extra_deduction""},""cracked_back"":{""kind"":""flat_usd"",""value"":120.0},""cracked_lens"":{""kind"":""flat_usd"",""value"":70.0},""heavy_scratching"":{""kind"":""manual"",""reason"":""extra_deduction""},""repair_message"":{""kind"":""manual"",""reason"":""extra_deduction""}}",16 pro max|iphone 16 pm|iphone 16 pro max|iphone 16 pro max 256 gb|iphone 16 pro max unlocked,Cracked Back = $120 off / Cracked Lens = $70 off / Bad Face ID = Parts / Bad Back Camera = ASK - - - HEAVY SCRATCHING / DEGRADED BATTERY % / Repair Message(s) = EXTRA DEDUCTION
iphone,apple,iphone_16_pro_max__unlocked,iphone 16 pro max,,,,512gb,unlocked,b,iPhone Used,655.00,917.00,733.60,806.96,"{""a"":675.0,""b"":655.0,""c"":545.0,""d"":360.0,""doa"":170.0}","{""bad_back_camera"":{""kind"":""manual"",""reason"":""ask""},""bad_face_id"":{""kind"":""manual"",""reason"":""parts""},""battery_under_80"":{""kind"":""manual"",""reason"":""extra_deduction""},""cracked_back"":{""kind"":""flat_usd"",""value"":120.0},""cracked_lens"":{""kind"":""flat_usd"",""value"":70.0},""heavy_scratching"":{""kind"":""manual"",""reason"":""extra_deduction""},""repair_message"":{""kind"":""manual"",""reason"":""extra_deduction""}}",16 pro max|iphone 16 pm|iphone 16 pro max|iphone 16 pro max 512 gb|iphone 16 pro max unlocked,Cracked Back = $120 off / Cracked Lens = $70 off / Bad Face ID = Parts / Bad Back Camera = ASK - - - HEAVY SCRATCHING / DEGRADED BATTERY % / Repair Message(s) = EXTRA DEDUCTION
iphone,apple,iphone_16_pro_max__unlocked,iphone 16 pro max,,,,1tb,unlocked,b,iPhone Used,685.00,959.00,767.20,843.92,"{""a"":705.0,""b"":685.0,""c"":580.0,""d"":370.0,""doa"":170.0}","{""bad_back_camera"":{""kind"":""manual"",""reason"":""ask""},""bad_face_id"":{""kind"":""manual"",""reason"":""parts""},""battery_under_80"":{""kind"":""manual"",""reason"":""extra_deduction""},""cracked_back"":{""kind"":""flat_usd"",""value"":120.0},""cracked_lens"":{""kind"":""flat_usd"",""value"":70.0},""heavy_scratching"":{""kind"":""manual"",""reason"":""extra_deduction""},""repair_message"":{""kind"":""manual"",""reason"":""extra_deduction""}}",16 pro max|iphone 16 pm|iphone 16 pro max|iphone 16 pro max 1 tb|iphone 16 pro max unlocked,Cracked Back = $120 off / Cracked Lens = $70 off / Bad Face ID = Parts / Bad Back Camera = ASK - - - HEAVY SCRATCHING / DEGRADED BATTERY % / Repair Message(s) = EXTRA DEDUCTION
iphone,apple,iphone_17__carrier_locked,iphone 17,,,,256gb,carrier_locked,b,iPhone Used,395.00,553.00,442.40,486.64,"{""a"":415.0,""b"":395.0,""c"":325.0,""d"":200.0,""doa"":70.0}","{""bad_back_camera"":{""kind"":""manual"",""reason"":""ask""},""bad_face_id"":{""kind"":""manual"",""reason"":""parts""},""battery_under_80"":{""kind"":""manual"",""reason"":""extra_deduction""},""cracked_back"":{""kind"":""flat_usd"",""value"":100.0},""cracked_lens"":{""kind"":""flat_usd"",""value"":70.0},""heavy_scratching"":{""kind"":""manual"",""reason"":""extra_deduction""},""repair_message"":{""kind"":""manual"",""reason"":""extra_deduction""}}",iphone 17|iphone 17 256 gb|iphone 17 carrier locked|iphone 17 locked,Cracked Back = $100 off / Cracked Lens = $70 off / Bad Face ID = Parts / Bad Back Camera = ASK - - - HEAVY SCRATCHING / DEGRADED BATTERY % / Repair Message(s) = EXTRA DEDUCTION
iphone,apple,iphone_17__carrier_locked,iphone 17,,,,512gb,carrier_locked,b,iPhone Used,495.00,693.00,554.40,609.84,"{""a"":520.0,""b"":495.0,""c"":450.0,""d"":230.0,""doa"":70.0}","{""bad_back_camera"":{""kind"":""manual"",""reason"":""ask""},""bad_face_id"":{""kind"":""manual"",""reason"":""parts""},""battery_under_80"":{""kind"":""manual"",""reason"":""extra_deduction""},""cracked_back"":{""kind"":""flat_usd"",""value"":100.0},""cracked_lens"":{""kind"":""flat_usd"",""value"":70.0},""heavy_scratching"":{""kind"":""manual"",""reason"":""extra_deduction""},""repair_message"":{""kind"":""manual"",""reason"":""extra_deduction""}}",iphone 17|iphone 17 512 gb|iphone 17 carrier locked|iphone 17 locked,Cracked Back = $100 off / Cracked Lens = $70 off / Bad Face ID = Parts / Bad Back Camera = ASK - - - HEAVY SCRATCHING / DEGRADED BATTERY % / Repair Message(s) = EXTRA DEDUCTION
iphone,apple,iphone_17__unlocked,iphone 17,,,,256gb,unlocked,b,iPhone Used,580.00,812.00,649.60,714.56,"{""a"":600.0,""b"":580.0,""c"":395.0,""d"":260.0,""doa"":70.0}","{""bad_back_camera"":{""kind"":""manual"",""reason"":""ask""},""bad_face_id"":{""kind"":""manual"",""reason"":""parts""},""battery_under_80"":{""kind"":""manual"",""reason"":""extra_deduction""},""cracked_back"":{""kind"":""flat_usd"",""value"":100.0},""cracked_lens"":{""kind"":""flat_usd"",""value"":70.0},""heavy_scratching"":{""kind"":""manual"",""reason"":""extra_deduction""},""repair_message"":{""kind"":""manual"",""reason"":""extra_deduction""}}",iphone 17|iphone 17 256 gb|iphone 17 unlocked,Cracked Back = $100 off / Cracked Lens = $70 off / Bad Face ID = Parts / Bad Back Camera = ASK - - - HEAVY SCRATCHING / DEGRADED BATTERY % / Repair Message(s) = EXTRA DEDUCTION
iphone,apple,iphone_17__unlocked,iphone 17,,,,512gb,unlocked,b,iPhone Used,675.00,945.00,756.00,831.60,"{""a"":695.0,""b"":675.0,""c"":495.0,""d"":315.0,""doa"":70.0}","{""bad_back_camera"":{""kind"":""manual"",""reason"":""ask""},""bad_face_id"":{""kind"":""manual"",""reason"":""parts""},""battery_under_80"":{""kind"":""manual"",""reason"":""extra_deduction""},""cracked_back"":{""kind"":""flat_usd"",""value"":100.0},""cracked_lens"":{""kind"":""flat_usd"",""value"":70.0},""heavy_scratching"":{""kind"":""manual"",""reason"":""extra_deduction""},""repair_message"":{""kind"":""manual"",""reason"":""extra_deduction""}}",iphone 17|iphone 17 512 gb|iphone 17 unlocked,Cracked Back = $100 off / Cracked Lens = $70 off / Bad Face ID = Parts / Bad Back Camera = ASK - - - HEAVY SCRATCHING / DEGRADED BATTERY % / Repair Message(s) = EXTRA DEDUCTION
iphone,apple,iphone_17_air__carrier_locked,iphone 17 air,,,,256gb,carrier_locked,b,iPhone Used,335.00,469.00,375.20,412.72,"{""a"":355.0,""b"":335.0,""c"":275.0,""d"":155.0,""doa"":85.0}","{""bad_back_camera"":{""kind"":""manual"",""reason"":""ask""},""bad_face_id"":{""kind"":""manual"",""reason"":""parts""},""battery_under_80"":{""kind"":""manual"",""reason"":""extra_deduction""},""cracked_back"":{""kind"":""flat_usd"",""value"":100.0},""cracked_lens"":{""kind"":""flat_usd"",""value"":80.0},""heavy_scratching"":{""kind"":""manual"",""reason"":""extra_deduction""},""repair_message"":{""kind"":""manual"",""reason"":""extra_deduction""}}",17 air|iphone 17 air|iphone 17 air 256 gb|iphone 17 air carrier locked|iphone 17 air locked,Cracked Back = $100 off / Cracked Lens = $80 off / Bad Face ID = Parts / Bad Back Camera = ASK - - - HEAVY SCRATCHING / DEGRADED BATTERY % / Repair Message(s) = EXTRA DEDUCTION
iphone,apple,iphone_17_air__carrier_locked,iphone 17 air,,,,512gb,carrier_locked,b,iPhone Used,400.00,560.00,448.00,492.80,"{""a"":430.0,""b"":400.0,""c"":330.0,""d"":180.0,""doa"":85.0}","{""bad_back_camera"":{""kind"":""manual"",""reason"":""ask""},""bad_face_id"":{""kind"":""manual"",""reason"":""parts""},""battery_under_80"":{""kind"":""manual"",""reason"":""extra_deduction""},""cracked_back"":{""kind"":""flat_usd"",""value"":100.0},""cracked_lens"":{""kind"":""flat_usd"",""value"":80.0},""heavy_scratching"":{""kind"":""manual"",""reason"":""extra_deduction""},""repair_message"":{""kind"":""manual"",""reason"":""extra_deduction""}}",17 air|iphone 17 air|iphone 17 air 512 gb|iphone 17 air carrier locked|iphone 17 air locked,Cracked Back = $100 off / Cracked Lens = $80 off / Bad Face ID = Parts / Bad Back Camera = ASK - - - HEAVY SCRATCHING / DEGRADED BATTERY % / Repair Message(s) = EXTRA DEDUCTION
iphone,apple,iphone_17_air__carrier_locked,iphone 17 air,,,,1tb,carrier_locked,b,iPhone Used,460.00,644.00,515.20,566.72,"{""a"":520.0,""b"":460.0,""c"":430.0,""d"":260.0,""doa"":85.0}","{""bad_back_camera"":{""kind"":""manual"",""reason"":""ask""},""bad_face_id"":{""kind"":""manual"",""reason"":""parts""},""battery_under_80"":{""kind"":""manual"",""reason"":""extra_deduction""},""cracked_back"":{""kind"":""flat_usd"",""value"":100.0},""cracked_lens"":{""kind"":""flat_usd"",""value"":80.0},""heavy_scratching"":{""kind"":""manual"",""reason"":""extra_deduction""},""repair_message"":{""kind"":""manual"",""reason"":""extra_deduction""}}",17 air|iphone 17 air|iphone 17 air 1 tb|iphone 17 air carrier locked|iphone 17 air locked,Cracked Back = $100 off / Cracked Lens = $80 off / Bad Face ID = Parts / Bad Back Camera = ASK - - - HEAVY SCRATCHING / DEGRADED BATTERY % / Repair Message(s) = EXTRA DEDUCTION
iphone,apple,iphone_17_air__unlocked,iphone 17 air,,,,256gb,unlocked,b,iPhone Used,610.00,854.00,683.20,751.52,"{""a"":630.0,""b"":610.0,""c"":360.0,""d"":245.0,""doa"":85.0}","{""bad_back_camera"":{""kind"":""manual"",""reason"":""ask""},""bad_face_id"":{""kind"":""manual"",""reason"":""parts""},""battery_under_80"":{""kind"":""manual"",""reason"":""extra_deduction""},""cracked_back"":{""kind"":""flat_usd"",""value"":100.0},""cracked_lens"":{""kind"":""flat_usd"",""value"":80.0},""heavy_scratching"":{""kind"":""manual"",""reason"":""extra_deduction""},""repair_message"":{""kind"":""manual"",""reason"":""extra_deduction""}}",17 air|iphone 17 air|iphone 17 air 256 gb|iphone 17 air unlocked,Cracked Back = $100 off / Cracked Lens = $80 off / Bad Face ID = Parts / Bad Back Camera = ASK - - - HEAVY SCRATCHING / DEGRADED BATTERY % / Repair Message(s) = EXTRA DEDUCTION
iphone,apple,iphone_17_air__unlocked,iphone 17 air,,,,512gb,unlocked,b,iPhone Used,730.00,1022.00,817.60,899.36,"{""a"":750.0,""b"":730.0,""c"":405.0,""d"":270.0,""doa"":85.0}","{""bad_back_camera"":{""kind"":""manual"",""reason"":""ask""},""bad_face_id"":{""kind"":""manual"",""reason"":""parts""},""battery_under_80"":{""kind"":""manual"",""reason"":""extra_deduction""},""cracked_back"":{""kind"":""flat_usd"",""value"":100.0},""cracked_lens"":{""kind"":""flat_usd"",""value"":80.0},""heavy_scratching"":{""kind"":""manual"",""reason"":""extra_deduction""},""repair_message"":{""kind"":""manual"",""reason"":""extra_deduction""}}",17 air|iphone 17 air|iphone 17 air 512 gb|iphone 17 air unlocked,Cracked Back = $100 off / Cracked Lens = $80 off / Bad Face ID = Parts / Bad Back Camera = ASK - - - HEAVY SCRATCHING / DEGRADED BATTERY % / Repair Message(s) = EXTRA DEDUCTION
iphone,apple,iphone_17_air__unlocked,iphone 17 air,,,,1tb,unlocked,b,iPhone Used,840.00,1176.00,940.80,1034.88,"{""a"":860.0,""b"":840.0,""c"":475.0,""d"":315.0,""doa"":85.0}","{""bad_back_camera"":{""kind"":""manual"",""reason"":""ask""},""bad_face_id"":{""kind"":""manual"",""reason"":""parts""},""battery_under_80"":{""kind"":""manual"",""reason"":""extra_deduction""},""cracked_back"":{""kind"":""flat_usd"",""value"":100.0},""cracked_lens"":{""kind"":""flat_usd"",""value"":80.0},""heavy_scratching"":{""kind"":""manual"",""reason"":""extra_deduction""},""repair_message"":{""kind"":""manual"",""reason"":""extra_deduction""}}",17 air|iphone 17 air|iphone 17 air 1 tb|iphone 17 air unlocked,Cracked Back = $100 off / Cracked Lens = $80 off / Bad Face ID = Parts / Bad Back Camera = ASK - - - HEAVY SCRATCHING / DEGRADED BATTERY % / Repair Message(s) = EXTRA DEDUCTION
iphone,apple,iphone_17_e__carrier_locked,iphone 17 e,,,,256gb,carrier_locked,b,iPhone Used,220.00,308.00,246.40,271.04,"{""a"":260.0,""b"":220.0,""c"":170.0,""d"":120.0,""doa"":60.0}","{""bad_back_camera"":{""kind"":""manual"",""reason"":""ask""},""bad_face_id"":{""kind"":""manual"",""reason"":""parts""},""battery_under_80"":{""kind"":""manual"",""reason"":""extra_deduction""},""cracked_back"":{""kind"":""flat_usd"",""value"":80.0},""cracked_lens"":{""kind"":""flat_usd"",""value"":60.0},""heavy_scratching"":{""kind"":""manual"",""reason"":""extra_deduction""},""repair_message"":{""kind"":""manual"",""reason"":""extra_deduction""}}",iphone 17 e|iphone 17 e 256 gb|iphone 17 e carrier locked|iphone 17 e locked,Cracked Back = $80 off / Cracked Lens = $60 off / Bad Face ID = Parts / Bad Back Camera = ASK - - - HEAVY SCRATCHING / DEGRADED BATTERY % / Repair Message(s) = EXTRA DEDUCTION
iphone,apple,iphone_17_e__carrier_locked,iphone 17 e,,,,512gb,carrier_locked,b,iPhone Used,250.00,350.00,280.00,308.00,"{""a"":280.0,""b"":250.0,""c"":200.0,""d"":140.0,""doa"":60.0}","{""bad_back_camera"":{""kind"":""manual"",""reason"":""ask""},""bad_face_id"":{""kind"":""manual"",""reason"":""parts""},""battery_under_80"":{""kind"":""manual"",""reason"":""extra_deduction""},""cracked_back"":{""kind"":""flat_usd"",""value"":80.0},""cracked_lens"":{""kind"":""flat_usd"",""value"":60.0},""heavy_scratching"":{""kind"":""manual"",""reason"":""extra_deduction""},""repair_message"":{""kind"":""manual"",""reason"":""extra_deduction""}}",iphone 17 e|iphone 17 e 512 gb|iphone 17 e carrier locked|iphone 17 e locked,Cracked Back = $80 off / Cracked Lens = $60 off / Bad Face ID = Parts / Bad Back Camera = ASK - - - HEAVY SCRATCHING / DEGRADED BATTERY % / Repair Message(s) = EXTRA DEDUCTION
iphone,apple,iphone_17_e__unlocked,iphone 17 e,,,,256gb,unlocked,b,iPhone Used,340.00,476.00,380.80,418.88,"{""a"":360.0,""b"":340.0,""c"":260.0,""d"":200.0,""doa"":60.0}","{""bad_back_camera"":{""kind"":""manual"",""reason"":""ask""},""bad_face_id"":{""kind"":""manual"",""reason"":""parts""},""battery_under_80"":{""kind"":""manual"",""reason"":""extra_deduction""},""cracked_back"":{""kind"":""flat_usd"",""value"":80.0},""cracked_lens"":{""kind"":""flat_usd"",""value"":60.0},""heavy_scratching"":{""kind"":""manual"",""reason"":""extra_deduction""},""repair_message"":{""kind"":""manual"",""reason"":""extra_deduction""}}",iphone 17 e|iphone 17 e 256 gb|iphone 17 e unlocked,Cracked Back = $80 off / Cracked Lens = $60 off / Bad Face ID = Parts / Bad Back Camera = ASK - - - HEAVY SCRATCHING / DEGRADED BATTERY % / Repair Message(s) = EXTRA DEDUCTION
iphone,apple,iphone_17_e__unlocked,iphone 17 e,,,,512gb,unlocked,b,iPhone Used,380.00,532.00,425.60,468.16,"{""a"":400.0,""b"":380.0,""c"":290.0,""d"":240.0,""doa"":60.0}","{""bad_back_camera"":{""kind"":""manual"",""reason"":""ask""},""bad_face_id"":{""kind"":""manual"",""reason"":""parts""},""battery_under_80"":{""kind"":""manual"",""reason"":""extra_deduction""},""cracked_back"":{""kind"":""flat_usd"",""value"":80.0},""cracked_lens"":{""kind"":""flat_usd"",""value"":60.0},""heavy_scratching"":{""kind"":""manual"",""reason"":""extra_deduction""},""repair_message"":{""kind"":""manual"",""reason"":""extra_deduction""}}",iphone 17 e|iphone 17 e 512 gb|iphone 17 e unlocked,Cracked Back = $80 off / Cracked Lens = $60 off / Bad Face ID = Parts / Bad Back Camera = ASK - - - HEAVY SCRATCHING / DEGRADED BATTERY % / Repair Message(s) = EXTRA DEDUCTION
iphone,apple,iphone_17_pro__carrier_locked,iphone 17 pro,,,,256gb,carrier_locked,b,iPhone Used,620.00,868.00,694.40,763.84,"{""a"":640.0,""b"":620.0,""c"":580.0,""d"":340.0,""doa"":120.0}","{""bad_back_camera"":{""kind"":""manual"",""reason"":""ask""},""bad_face_id"":{""kind"":""manual"",""reason"":""parts""},""battery_under_80"":{""kind"":""manual"",""reason"":""extra_deduction""},""cracked_back"":{""kind"":""flat_usd"",""value"":140.0},""cracked_lens"":{""kind"":""flat_usd"",""value"":90.0},""heavy_scratching"":{""kind"":""manual"",""reason"":""extra_deduction""},""repair_message"":{""kind"":""manual"",""reason"":""extra_deduction""}}",17 pro|iphone 17 pro|iphone 17 pro 256 gb|iphone 17 pro carrier locked|iphone 17 pro locked,Cracked Back = $140 off / Cracked Lens = $90 off / Bad Face ID = Parts / Bad Back Camera = ASK - - - HEAVY SCRATCHING / DEGRADED BATTERY % / Repair Message(s) = EXTRA DEDUCTION
iphone,apple,iphone_17_pro__carrier_locked,iphone 17 pro,,,,512gb,carrier_locked,b,iPhone Used,755.00,1057.00,845.60,930.16,"{""a"":780.0,""b"":755.0,""c"":645.0,""d"":375.0,""doa"":120.0}","{""bad_back_camera"":{""kind"":""manual"",""reason"":""ask""},""bad_face_id"":{""kind"":""manual"",""reason"":""parts""},""battery_under_80"":{""kind"":""manual"",""reason"":""extra_deduction""},""cracked_back"":{""kind"":""flat_usd"",""value"":140.0},""cracked_lens"":{""kind"":""flat_usd"",""value"":90.0},""heavy_scratching"":{""kind"":""manual"",""reason"":""extra_deduction""},""repair_message"":{""kind"":""manual"",""reason"":""extra_deduction""}}",17 pro|iphone 17 pro|iphone 17 pro 512 gb|iphone 17 pro carrier locked|iphone 17 pro locked,Cracked Back = $140 off / Cracked Lens = $90 off / Bad Face ID = Parts / Bad Back Camera = ASK - - - HEAVY SCRATCHING / DEGRADED BATTERY % / Repair Message(s) = EXTRA DEDUCTION
iphone,apple,iphone_17_pro__carrier_locked,iphone 17 pro,,,,1tb,carrier_locked,b,iPhone Used,840.00,1176.00,940.80,1034.88,"{""a"":880.0,""b"":840.0,""c"":705.0,""d"":415.0,""doa"":120.0}","{""bad_back_camera"":{""kind"":""manual"",""reason"":""ask""},""bad_face_id"":{""kind"":""manual"",""reason"":""parts""},""battery_under_80"":{""kind"":""manual"",""reason"":""extra_deduction""},""cracked_back"":{""kind"":""flat_usd"",""value"":140.0},""cracked_lens"":{""kind"":""flat_usd"",""value"":90.0},""heavy_scratching"":{""kind"":""manual"",""reason"":""extra_deduction""},""repair_message"":{""kind"":""manual"",""reason"":""extra_deduction""}}",17 pro|iphone 17 pro|iphone 17 pro 1 tb|iphone 17 pro carrier locked|iphone 17 pro locked,Cracked Back = $140 off / Cracked Lens = $90 off / Bad Face ID = Parts / Bad Back Camera = ASK - - - HEAVY SCRATCHING / DEGRADED BATTERY % / Repair Message(s) = EXTRA DEDUCTION
iphone,apple,iphone_17_pro__unlocked,iphone 17 pro,,,,256gb,unlocked,b,iPhone Used,850.00,1190.00,952.00,1047.20,"{""a"":870.0,""b"":850.0,""c"":655.0,""d"":415.0,""doa"":120.0}","{""bad_back_camera"":{""kind"":""manual"",""reason"":""ask""},""bad_face_id"":{""kind"":""manual"",""reason"":""parts""},""battery_under_80"":{""kind"":""manual"",""reason"":""extra_deduction""},""cracked_back"":{""kind"":""flat_usd"",""value"":140.0},""cracked_lens"":{""kind"":""flat_usd"",""value"":90.0},""heavy_scratching"":{""kind"":""manual"",""reason"":""extra_deduction""},""repair_message"":{""kind"":""manual"",""reason"":""extra_deduction""}}",17 pro|iphone 17 pro|iphone 17 pro 256 gb|iphone 17 pro unlocked,Cracked Back = $140 off / Cracked Lens = $90 off / Bad Face ID = Parts / Bad Back Camera = ASK - - - HEAVY SCRATCHING / DEGRADED BATTERY % / Repair Message(s) = EXTRA DEDUCTION
iphone,apple,iphone_17_pro__unlocked,iphone 17 pro,,,,512gb,unlocked,b,iPhone Used,945.00,1323.00,1058.40,1164.24,"{""a"":965.0,""b"":945.0,""c"":700.0,""d"":450.0,""doa"":120.0}","{""bad_back_camera"":{""kind"":""manual"",""reason"":""ask""},""bad_face_id"":{""kind"":""manual"",""reason"":""parts""},""battery_under_80"":{""kind"":""manual"",""reason"":""extra_deduction""},""cracked_back"":{""kind"":""flat_usd"",""value"":140.0},""cracked_lens"":{""kind"":""flat_usd"",""value"":90.0},""heavy_scratching"":{""kind"":""manual"",""reason"":""extra_deduction""},""repair_message"":{""kind"":""manual"",""reason"":""extra_deduction""}}",17 pro|iphone 17 pro|iphone 17 pro 512 gb|iphone 17 pro unlocked,Cracked Back = $140 off / Cracked Lens = $90 off / Bad Face ID = Parts / Bad Back Camera = ASK - - - HEAVY SCRATCHING / DEGRADED BATTERY % / Repair Message(s) = EXTRA DEDUCTION
iphone,apple,iphone_17_pro__unlocked,iphone 17 pro,,,,1tb,unlocked,b,iPhone Used,1100.00,1540.00,1232.00,1355.20,"{""a"":1120.0,""b"":1100.0,""c"":790.0,""d"":475.0,""doa"":120.0}","{""bad_back_camera"":{""kind"":""manual"",""reason"":""ask""},""bad_face_id"":{""kind"":""manual"",""reason"":""parts""},""battery_under_80"":{""kind"":""manual"",""reason"":""extra_deduction""},""cracked_back"":{""kind"":""flat_usd"",""value"":140.0},""cracked_lens"":{""kind"":""flat_usd"",""value"":90.0},""heavy_scratching"":{""kind"":""manual"",""reason"":""extra_deduction""},""repair_message"":{""kind"":""manual"",""reason"":""extra_deduction""}}",17 pro|iphone 17 pro|iphone 17 pro 1 tb|iphone 17 pro unlocked,Cracked Back = $140 off / Cracked Lens = $90 off / Bad Face ID = Parts / Bad Back Camera = ASK - - - HEAVY SCRATCHING / DEGRADED BATTERY % / Repair Message(s) = EXTRA DEDUCTION
iphone,apple,iphone_17_pro_max__carrier_locked,iphone 17 pro max,,,,256gb,carrier_locked,b,iPhone Used,740.00,1036.00,828.80,911.68,"{""a"":760.0,""b"":740.0,""c"":685.0,""d"":395.0,""doa"":180.0}","{""bad_back_camera"":{""kind"":""manual"",""reason"":""ask""},""bad_face_id"":{""kind"":""manual"",""reason"":""parts""},""battery_under_80"":{""kind"":""manual"",""reason"":""extra_deduction""},""cracked_back"":{""kind"":""flat_usd"",""value"":160.0},""cracked_lens"":{""kind"":""flat_usd"",""value"":100.0},""heavy_scratching"":{""kind"":""manual"",""reason"":""extra_deduction""},""repair_message"":{""kind"":""manual"",""reason"":""extra_deduction""}}",17 pro max|iphone 17 pm|iphone 17 pro max|iphone 17 pro max 256 gb|iphone 17 pro max carrier locked|iphone 17 pro max locked,Cracked Back = $160 off / Cracked Lens = $100 off / Bad Face ID = Parts / Bad Back Camera = ASK - - - HEAVY SCRATCHING / DEGRADED BATTERY % / Repair Message(s) = EXTRA DEDUCTION
iphone,apple,iphone_17_pro_max__carrier_locked,iphone 17 pro max,,,,512gb,carrier_locked,b,iPhone Used,825.00,1155.00,924.00,1016.40,"{""a"":865.0,""b"":825.0,""c"":710.0,""d"":440.0,""doa"":180.0}","{""bad_back_camera"":{""kind"":""manual"",""reason"":""ask""},""bad_face_id"":{""kind"":""manual"",""reason"":""parts""},""battery_under_80"":{""kind"":""manual"",""reason"":""extra_deduction""},""cracked_back"":{""kind"":""flat_usd"",""value"":160.0},""cracked_lens"":{""kind"":""flat_usd"",""value"":100.0},""heavy_scratching"":{""kind"":""manual"",""reason"":""extra_deduction""},""repair_message"":{""kind"":""manual"",""reason"":""extra_deduction""}}",17 pro max|iphone 17 pm|iphone 17 pro max|iphone 17 pro max 512 gb|iphone 17 pro max carrier locked|iphone 17 pro max locked,Cracked Back = $160 off / Cracked Lens = $100 off / Bad Face ID = Parts / Bad Back Camera = ASK - - - HEAVY SCRATCHING / DEGRADED BATTERY % / Repair Message(s) = EXTRA DEDUCTION
iphone,apple,iphone_17_pro_max__carrier_locked,iphone 17 pro max,,,,1tb,carrier_locked,b,iPhone Used,935.00,1309.00,1047.20,1151.92,"{""a"":980.0,""b"":935.0,""c"":790.0,""d"":470.0,""doa"":180.0}","{""bad_back_camera"":{""kind"":""manual"",""reason"":""ask""},""bad_face_id"":{""kind"":""manual"",""reason"":""parts""},""battery_under_80"":{""kind"":""manual"",""reason"":""extra_deduction""},""cracked_back"":{""kind"":""flat_usd"",""value"":160.0},""cracked_lens"":{""kind"":""flat_usd"",""value"":100.0},""heavy_scratching"":{""kind"":""manual"",""reason"":""extra_deduction""},""repair_message"":{""kind"":""manual"",""reason"":""extra_deduction""}}",17 pro max|iphone 17 pm|iphone 17 pro max|iphone 17 pro max 1 tb|iphone 17 pro max carrier locked|iphone 17 pro max locked,Cracked Back = $160 off / Cracked Lens = $100 off / Bad Face ID = Parts / Bad Back Camera = ASK - - - HEAVY SCRATCHING / DEGRADED BATTERY % / Repair Message(s) = EXTRA DEDUCTION
iphone,apple,iphone_17_pro_max__carrier_locked,iphone 17 pro max,,,,2tb,carrier_locked,b,iPhone Used,1050.00,1470.00,1176.00,1293.60,"{""a"":1090.0,""b"":1050.0,""c"":875.0,""d"":510.0,""doa"":180.0}","{""bad_back_camera"":{""kind"":""manual"",""reason"":""ask""},""bad_face_id"":{""kind"":""manual"",""reason"":""parts""},""battery_under_80"":{""kind"":""manual"",""reason"":""extra_deduction""},""cracked_back"":{""kind"":""flat_usd"",""value"":160.0},""cracked_lens"":{""kind"":""flat_usd"",""value"":100.0},""heavy_scratching"":{""kind"":""manual"",""reason"":""extra_deduction""},""repair_message"":{""kind"":""manual"",""reason"":""extra_deduction""}}",17 pro max|iphone 17 pm|iphone 17 pro max|iphone 17 pro max 2 tb|iphone 17 pro max carrier locked|iphone 17 pro max locked,Cracked Back = $160 off / Cracked Lens = $100 off / Bad Face ID = Parts / Bad Back Camera = ASK - - - HEAVY SCRATCHING / DEGRADED BATTERY % / Repair Message(s) = EXTRA DEDUCTION
iphone,apple,iphone_17_pro_max__unlocked,iphone 17 pro max,,,,256gb,unlocked,b,iPhone Used,960.00,1344.00,1075.20,1182.72,"{""a"":980.0,""b"":960.0,""c"":755.0,""d"":505.0,""doa"":180.0}","{""bad_back_camera"":{""kind"":""manual"",""reason"":""ask""},""bad_face_id"":{""kind"":""manual"",""reason"":""parts""},""battery_under_80"":{""kind"":""manual"",""reason"":""extra_deduction""},""cracked_back"":{""kind"":""flat_usd"",""value"":160.0},""cracked_lens"":{""kind"":""flat_usd"",""value"":100.0},""heavy_scratching"":{""kind"":""manual"",""reason"":""extra_deduction""},""repair_message"":{""kind"":""manual"",""reason"":""extra_deduction""}}",17 pro max|iphone 17 pm|iphone 17 pro max|iphone 17 pro max 256 gb|iphone 17 pro max unlocked,Cracked Back = $160 off / Cracked Lens = $100 off / Bad Face ID = Parts / Bad Back Camera = ASK - - - HEAVY SCRATCHING / DEGRADED BATTERY % / Repair Message(s) = EXTRA DEDUCTION
iphone,apple,iphone_17_pro_max__unlocked,iphone 17 pro max,,,,512gb,unlocked,b,iPhone Used,1080.00,1512.00,1209.60,1330.56,"{""a"":1100.0,""b"":1080.0,""c"":800.0,""d"":540.0,""doa"":180.0}","{""bad_back_camera"":{""kind"":""manual"",""reason"":""ask""},""bad_face_id"":{""kind"":""manual"",""reason"":""parts""},""battery_under_80"":{""kind"":""manual"",""reason"":""extra_deduction""},""cracked_back"":{""kind"":""flat_usd"",""value"":160.0},""cracked_lens"":{""kind"":""flat_usd"",""value"":100.0},""heavy_scratching"":{""kind"":""manual"",""reason"":""extra_deduction""},""repair_message"":{""kind"":""manual"",""reason"":""extra_deduction""}}",17 pro max|iphone 17 pm|iphone 17 pro max|iphone 17 pro max 512 gb|iphone 17 pro max unlocked,Cracked Back = $160 off / Cracked Lens = $100 off / Bad Face ID = Parts / Bad Back Camera = ASK - - - HEAVY SCRATCHING / DEGRADED BATTERY % / Repair Message(s) = EXTRA DEDUCTION
iphone,apple,iphone_17_pro_max__unlocked,iphone 17 pro max,,,,1tb,unlocked,b,iPhone Used,1180.00,1652.00,1321.60,1453.76,"{""a"":1200.0,""b"":1180.0,""c"":855.0,""d"":585.0,""doa"":180.0}","{""bad_back_camera"":{""kind"":""manual"",""reason"":""ask""},""bad_face_id"":{""kind"":""manual"",""reason"":""parts""},""battery_under_80"":{""kind"":""manual"",""reason"":""extra_deduction""},""cracked_back"":{""kind"":""flat_usd"",""value"":160.0},""cracked_lens"":{""kind"":""flat_usd"",""value"":100.0},""heavy_scratching"":{""kind"":""manual"",""reason"":""extra_deduction""},""repair_message"":{""kind"":""manual"",""reason"":""extra_deduction""}}",17 pro max|iphone 17 pm|iphone 17 pro max|iphone 17 pro max 1 tb|iphone 17 pro max unlocked,Cracked Back = $160 off / Cracked Lens = $100 off / Bad Face ID = Parts / Bad Back Camera = ASK - - - HEAVY SCRATCHING / DEGRADED BATTERY % / Repair Message(s) = EXTRA DEDUCTION
iphone,apple,iphone_17_pro_max__unlocked,iphone 17 pro max,,,,2tb,unlocked,b,iPhone Used,1280.00,1792.00,1433.60,1576.96,"{""a"":1300.0,""b"":1280.0,""c"":925.0,""d"":630.0,""doa"":180.0}","{""bad_back_camera"":{""kind"":""manual"",""reason"":""ask""},""bad_face_id"":{""kind"":""manual"",""reason"":""parts""},""battery_under_80"":{""kind"":""manual"",""reason"":""extra_deduction""},""cracked_back"":{""kind"":""flat_usd"",""value"":160.0},""cracked_lens"":{""kind"":""flat_usd"",""value"":100.0},""heavy_scratching"":{""kind"":""manual"",""reason"":""extra_deduction""},""repair_message"":{""kind"":""manual"",""reason"":""extra_deduction""}}",17 pro max|iphone 17 pm|iphone 17 pro max|iphone 17 pro max 2 tb|iphone 17 pro max unlocked,Cracked Back = $160 off / Cracked Lens = $100 off / Bad Face ID = Parts / Bad Back Camera = ASK - - - HEAVY SCRATCHING / DEGRADED BATTERY % / Repair Message(s) = EXTRA DEDUCTION
iphone,apple,iphone_7__carrier_locked,iphone 7,,,,32gb,carrier_locked,b,iPhone Used,10.00,14.00,11.20,12.32,"{""a"":10.0,""b"":10.0,""c"":5.0,""d"":3.0,""doa"":2.0}","{""battery_under_80"":{""kind"":""manual"",""reason"":""extra_deduction""},""cracked_back"":{""kind"":""flat_usd"",""value"":20.0},""heavy_scratching"":{""kind"":""manual"",""reason"":""extra_deduction""},""repair_message"":{""kind"":""manual"",""reason"":""extra_deduction""}}",iphone 7|iphone 7 32 gb|iphone 7 carrier locked|iphone 7 locked,Cracked Back Camera = $20 off --- HEAVY SCRATCHING / DEGRADED BATTERY % / Repair Message(s) = EXTRA DEDUCTION
iphone,apple,iphone_7__carrier_locked,iphone 7,,,,128gb,carrier_locked,b,iPhone Used,10.00,14.00,11.20,12.32,"{""a"":10.0,""b"":10.0,""c"":5.0,""d"":3.0,""doa"":2.0}","{""battery_under_80"":{""kind"":""manual"",""reason"":""extra_deduction""},""cracked_back"":{""kind"":""flat_usd"",""value"":20.0},""heavy_scratching"":{""kind"":""manual"",""reason"":""extra_deduction""},""repair_message"":{""kind"":""manual"",""reason"":""extra_deduction""}}",iphone 7|iphone 7 128 gb|iphone 7 carrier locked|iphone 7 locked,Cracked Back Camera = $20 off --- HEAVY SCRATCHING / DEGRADED BATTERY % / Repair Message(s) = EXTRA DEDUCTION
iphone,apple,iphone_7__carrier_locked,iphone 7,,,,256gb,carrier_locked,b,iPhone Used,10.00,14.00,11.20,12.32,"{""a"":10.0,""b"":10.0,""c"":5.0,""d"":3.0,""doa"":2.0}","{""battery_under_80"":{""kind"":""manual"",""reason"":""extra_deduction""},""cracked_back"":{""kind"":""flat_usd"",""value"":20.0},""heavy_scratching"":{""kind"":""manual"",""reason"":""extra_deduction""},""repair_message"":{""kind"":""manual"",""reason"":""extra_deduction""}}",iphone 7|iphone 7 256 gb|iphone 7 carrier locked|iphone 7 locked,Cracked Back Camera = $20 off --- HEAVY SCRATCHING / DEGRADED BATTERY % / Repair Message(s) = EXTRA DEDUCTION
iphone,apple,iphone_7__unlocked,iphone 7,,,,32gb,unlocked,b,iPhone Used,30.00,42.00,33.60,36.96,"{""a"":35.0,""b"":30.0,""c"":5.0,""d"":3.0,""doa"":2.0}","{""battery_under_80"":{""kind"":""manual"",""reason"":""extra_deduction""},""cracked_back"":{""kind"":""flat_usd"",""value"":20.0},""heavy_scratching"":{""kind"":""manual"",""reason"":""extra_deduction""},""repair_message"":{""kind"":""manual"",""reason"":""extra_deduction""}}",iphone 7|iphone 7 32 gb|iphone 7 unlocked,Cracked Back Camera = $20 off --- HEAVY SCRATCHING / DEGRADED BATTERY % / Repair Message(s) = EXTRA DEDUCTION
iphone,apple,iphone_7__unlocked,iphone 7,,,,128gb,unlocked,b,iPhone Used,35.00,49.00,39.20,43.12,"{""a"":40.0,""b"":35.0,""c"":5.0,""d"":3.0,""doa"":2.0}","{""battery_under_80"":{""kind"":""manual"",""reason"":""extra_deduction""},""cracked_back"":{""kind"":""flat_usd"",""value"":20.0},""heavy_scratching"":{""kind"":""manual"",""reason"":""extra_deduction""},""repair_message"":{""kind"":""manual"",""reason"":""extra_deduction""}}",iphone 7|iphone 7 128 gb|iphone 7 unlocked,Cracked Back Camera = $20 off --- HEAVY SCRATCHING / DEGRADED BATTERY % / Repair Message(s) = EXTRA DEDUCTION
iphone,apple,iphone_7__unlocked,iphone 7,,,,256gb,unlocked,b,iPhone Used,40.00,56.00,44.80,49.28,"{""a"":45.0,""b"":40.0,""c"":5.0,""d"":3.0,""doa"":2.0}","{""battery_under_80"":{""kind"":""manual"",""reason"":""extra_deduction""},""cracked_back"":{""kind"":""flat_usd"",""value"":20.0},""heavy_scratching"":{""kind"":""manual"",""reason"":""extra_deduction""},""repair_message"":{""kind"":""manual"",""reason"":""extra_deduction""}}",iphone 7|iphone 7 256 gb|iphone 7 unlocked,Cracked Back Camera = $20 off --- HEAVY SCRATCHING / DEGRADED BATTERY % / Repair Message(s) = EXTRA DEDUCTION
iphone,apple,iphone_7_plus__carrier_locked,iphone 7 plus,,,,32gb,carrier_locked,b,iPhone Used,15.00,21.00,16.80,18.48,"{""a"":15.0,""b"":15.0,""c"":10.0,""d"":10.0,""doa"":3.0}","{""battery_under_80"":{""kind"":""manual"",""reason"":""extra_deduction""},""cracked_back"":{""kind"":""flat_usd"",""value"":20.0},""heavy_scratching"":{""kind"":""manual"",""reason"":""extra_deduction""},""repair_message"":{""kind"":""manual"",""reason"":""extra_deduction""}}",7 plus|iphone 7 plus|iphone 7 plus 32 gb|iphone 7 plus carrier locked|iphone 7 plus locked,Cracked Back Camera = $20 off --- HEAVY SCRATCHING / DEGRADED BATTERY % / Repair Message(s) = EXTRA DEDUCTION
iphone,apple,iphone_7_plus__carrier_locked,iphone 7 plus,,,,128gb,carrier_locked,b,iPhone Used,15.00,21.00,16.80,18.48,"{""a"":15.0,""b"":15.0,""c"":10.0,""d"":10.0,""doa"":3.0}","{""battery_under_80"":{""kind"":""manual"",""reason"":""extra_deduction""},""cracked_back"":{""kind"":""flat_usd"",""value"":20.0},""heavy_scratching"":{""kind"":""manual"",""reason"":""extra_deduction""},""repair_message"":{""kind"":""manual"",""reason"":""extra_deduction""}}",7 plus|iphone 7 plus|iphone 7 plus 128 gb|iphone 7 plus carrier locked|iphone 7 plus locked,Cracked Back Camera = $20 off --- HEAVY SCRATCHING / DEGRADED BATTERY % / Repair Message(s) = EXTRA DEDUCTION
iphone,apple,iphone_7_plus__carrier_locked,iphone 7 plus,,,,256gb,carrier_locked,b,iPhone Used,15.00,21.00,16.80,18.48,"{""a"":15.0,""b"":15.0,""c"":10.0,""d"":10.0,""doa"":3.0}","{""battery_under_80"":{""kind"":""manual"",""reason"":""extra_deduction""},""cracked_back"":{""kind"":""flat_usd"",""value"":20.0},""heavy_scratching"":{""kind"":""manual"",""reason"":""extra_deduction""},""repair_message"":{""kind"":""manual"",""reason"":""extra_deduction""}}",7 plus|iphone 7 plus|iphone 7 plus 256 gb|iphone 7 plus carrier locked|iphone 7 plus locked,Cracked Back Camera = $20 off --- HEAVY SCRATCHING / DEGRADED BATTERY % / Repair Message(s) = EXTRA DEDUCTION
iphone,apple,iphone_7_plus__unlocked,iphone 7 plus,,,,32gb,unlocked,b,iPhone Used,35.00,49.00,39.20,43.12,"{""a"":40.0,""b"":35.0,""c"":10.0,""d"":10.0,""doa"":3.0}","{""battery_under_80"":{""kind"":""manual"",""reason"":""extra_deduction""},""cracked_back"":{""kind"":""flat_usd"",""value"":20.0},""heavy_scratching"":{""kind"":""manual"",""reason"":""extra_deduction""},""repair_message"":{""kind"":""manual"",""reason"":""extra_deduction""}}",7 plus|iphone 7 plus|iphone 7 plus 32 gb|iphone 7 plus unlocked,Cracked Back Camera = $20 off --- HEAVY SCRATCHING / DEGRADED BATTERY % / Repair Message(s) = EXTRA DEDUCTION
iphone,apple,iphone_7_plus__unlocked,iphone 7 plus,,,,128gb,unlocked,b,iPhone Used,40.00,56.00,44.80,49.28,"{""a"":45.0,""b"":40.0,""c"":10.0,""d"":10.0,""doa"":3.0}","{""battery_under_80"":{""kind"":""manual"",""reason"":""extra_deduction""},""cracked_back"":{""kind"":""flat_usd"",""value"":20.0},""heavy_scratching"":{""kind"":""manual"",""reason"":""extra_deduction""},""repair_message"":{""kind"":""manual"",""reason"":""extra_deduction""}}",7 plus|iphone 7 plus|iphone 7 plus 128 gb|iphone 7 plus unlocked,Cracked Back Camera = $20 off --- HEAVY SCRATCHING / DEGRADED BATTERY % / Repair Message(s) = EXTRA DEDUCTION
iphone,apple,iphone_7_plus__unlocked,iphone 7 plus,,,,256gb,unlocked,b,iPhone Used,45.00,63.00,50.40,55.44,"{""a"":50.0,""b"":45.0,""c"":10.0,""d"":10.0,""doa"":3.0}","{""battery_under_80"":{""kind"":""manual"",""reason"":""extra_deduction""},""cracked_back"":{""kind"":""flat_usd"",""value"":20.0},""heavy_scratching"":{""kind"":""manual"",""reason"":""extra_deduction""},""repair_message"":{""kind"":""manual"",""reason"":""extra_deduction""}}",7 plus|iphone 7 plus|iphone 7 plus 256 gb|iphone 7 plus unlocked,Cracked Back Camera = $20 off --- HEAVY SCRATCHING / DEGRADED BATTERY % / Repair Message(s) = EXTRA DEDUCTION
iphone,apple,iphone_8__carrier_locked,iphone 8,,,,64gb,carrier_locked,b,iPhone Used,35.00,49.00,39.20,43.12,"{""a"":35.0,""b"":35.0,""c"":15.0,""d"":10.0,""doa"":1.0}","{""bad_back_camera"":{""kind"":""flat_usd"",""value"":20.0},""bad_face_id"":{""kind"":""condition_override"",""value"":""d""},""battery_under_80"":{""kind"":""manual"",""reason"":""extra_deduction""},""cracked_back"":{""kind"":""flat_usd"",""value"":40.0},""cracked_lens"":{""kind"":""flat_usd"",""value"":25.0},""heavy_scratching"":{""kind"":""manual"",""reason"":""extra_deduction""},""repair_message"":{""kind"":""manual"",""reason"":""extra_deduction""}}",iphone 8|iphone 8 64 gb|iphone 8 carrier locked|iphone 8 locked,Cracked Back = $40 off / Cracked Lens = $25 off / Bad Face ID = Grade D / Bad Back Camera = $20 off - - - HEAVY SCRATCHING / DEGRADED BATTERY % / Repair Message(s) = EXTRA DEDUCTION
iphone,apple,iphone_8__carrier_locked,iphone 8,,,,128gb,carrier_locked,b,iPhone Used,40.00,56.00,44.80,49.28,"{""a"":40.0,""b"":40.0,""c"":20.0,""d"":15.0,""doa"":1.0}","{""bad_back_camera"":{""kind"":""flat_usd"",""value"":20.0},""bad_face_id"":{""kind"":""condition_override"",""value"":""d""},""battery_under_80"":{""kind"":""manual"",""reason"":""extra_deduction""},""cracked_back"":{""kind"":""flat_usd"",""value"":40.0},""cracked_lens"":{""kind"":""flat_usd"",""value"":25.0},""heavy_scratching"":{""kind"":""manual"",""reason"":""extra_deduction""},""repair_message"":{""kind"":""manual"",""reason"":""extra_deduction""}}",iphone 8|iphone 8 128 gb|iphone 8 carrier locked|iphone 8 locked,Cracked Back = $40 off / Cracked Lens = $25 off / Bad Face ID = Grade D / Bad Back Camera = $20 off - - - HEAVY SCRATCHING / DEGRADED BATTERY % / Repair Message(s) = EXTRA DEDUCTION
iphone,apple,iphone_8__carrier_locked,iphone 8,,,,256gb,carrier_locked,b,iPhone Used,45.00,63.00,50.40,55.44,"{""a"":45.0,""b"":45.0,""c"":25.0,""d"":20.0,""doa"":1.0}","{""bad_back_camera"":{""kind"":""flat_usd"",""value"":20.0},""bad_face_id"":{""kind"":""condition_override"",""value"":""d""},""battery_under_80"":{""kind"":""manual"",""reason"":""extra_deduction""},""cracked_back"":{""kind"":""flat_usd"",""value"":40.0},""cracked_lens"":{""kind"":""flat_usd"",""value"":25.0},""heavy_scratching"":{""kind"":""manual"",""reason"":""extra_deduction""},""repair_message"":{""kind"":""manual"",""reason"":""extra_deduction""}}",iphone 8|iphone 8 256 gb|iphone 8 carrier locked|iphone 8 locked,Cracked Back = $40 off / Cracked Lens = $25 off / Bad Face ID = Grade D / Bad Back Camera = $20 off - - - HEAVY SCRATCHING / DEGRADED BATTERY % / Repair Message(s) = EXTRA DEDUCTION
iphone,apple,iphone_8__unlocked,iphone 8,,,,64gb,unlocked,b,iPhone Used,40.00,56.00,44.80,49.28,"{""a"":45.0,""b"":40.0,""c"":25.0,""d"":20.0,""doa"":1.0}","{""bad_back_camera"":{""kind"":""flat_usd"",""value"":20.0},""bad_face_id"":{""kind"":""condition_override"",""value"":""d""},""battery_under_80"":{""kind"":""manual"",""reason"":""extra_deduction""},""cracked_back"":{""kind"":""flat_usd"",""value"":40.0},""cracked_lens"":{""kind"":""flat_usd"",""value"":25.0},""heavy_scratching"":{""kind"":""manual"",""reason"":""extra_deduction""},""repair_message"":{""kind"":""manual"",""reason"":""extra_deduction""}}",iphone 8|iphone 8 64 gb|iphone 8 unlocked,Cracked Back = $40 off / Cracked Lens = $25 off / Bad Face ID = Grade D / Bad Back Camera = $20 off - - - HEAVY SCRATCHING / DEGRADED BATTERY % / Repair Message(s) = EXTRA DEDUCTION
iphone,apple,iphone_8__unlocked,iphone 8,,,,128gb,unlocked,b,iPhone Used,45.00,63.00,50.40,55.44,"{""a"":50.0,""b"":45.0,""c"":25.0,""d"":20.0,""doa"":1.0}","{""bad_back_camera"":{""kind"":""flat_usd"",""value"":20.0},""bad_face_id"":{""kind"":""condition_override"",""value"":""d""},""battery_under_80"":{""kind"":""manual"",""reason"":""extra_deduction""},""cracked_back"":{""kind"":""flat_usd"",""value"":40.0},""cracked_lens"":{""kind"":""flat_usd"",""value"":25.0},""heavy_scratching"":{""kind"":""manual"",""reason"":""extra_deduction""},""repair_message"":{""kind"":""manual"",""reason"":""extra_deduction""}}",iphone 8|iphone 8 128 gb|iphone 8 unlocked,Cracked Back = $40 off / Cracked Lens = $25 off / Bad Face ID = Grade D / Bad Back Camera = $20 off - - - HEAVY SCRATCHING / DEGRADED BATTERY % / Repair Message(s) = EXTRA DEDUCTION
iphone,apple,iphone_8__unlocked,iphone 8,,,,256gb,unlocked,b,iPhone Used,50.00,70.00,56.00,61.60,"{""a"":55.0,""b"":50.0,""c"":25.0,""d"":20.0,""doa"":1.0}","{""bad_back_camera"":{""kind"":""flat_usd"",""value"":20.0},""bad_face_id"":{""kind"":""condition_override"",""value"":""d""},""battery_under_80"":{""kind"":""manual"",""reason"":""extra_deduction""},""cracked_back"":{""kind"":""flat_usd"",""value"":40.0},""cracked_lens"":{""kind"":""flat_usd"",""value"":25.0},""heavy_scratching"":{""kind"":""manual"",""reason"":""extra_deduction""},""repair_message"":{""kind"":""manual"",""reason"":""extra_deduction""}}",iphone 8|iphone 8 256 gb|iphone 8 unlocked,Cracked Back = $40 off / Cracked Lens = $25 off / Bad Face ID = Grade D / Bad Back Camera = $20 off - - - HEAVY SCRATCHING / DEGRADED BATTERY % / Repair Message(s) = EXTRA DEDUCTION
iphone,apple,iphone_8_plus__carrier_locked,iphone 8 plus,,,,64gb,carrier_locked,b,iPhone Used,35.00,49.00,39.20,43.12,"{""a"":35.0,""b"":35.0,""c"":15.0,""d"":10.0,""doa"":1.0}","{""bad_back_camera"":{""kind"":""flat_usd"",""value"":30.0},""bad_face_id"":{""kind"":""condition_override"",""value"":""d""},""battery_under_80"":{""kind"":""manual"",""reason"":""extra_deduction""},""cracked_back"":{""kind"":""flat_usd"",""value"":25.0},""cracked_lens"":{""kind"":""flat_usd"",""value"":25.0},""heavy_scratching"":{""kind"":""manual"",""reason"":""extra_deduction""},""repair_message"":{""kind"":""manual"",""reason"":""extra_deduction""}}",8 plus|iphone 8 plus|iphone 8 plus 64 gb|iphone 8 plus carrier locked|iphone 8 plus locked,Cracked Back = $25 off / Cracked Lens = $25 off / Bad Face ID = Grade D / Bad Back Camera = $30 off - - - HEAVY SCRATCHING / DEGRADED BATTERY % / Repair Message(s) = EXTRA DEDUCTION
iphone,apple,iphone_8_plus__carrier_locked,iphone 8 plus,,,,128gb,carrier_locked,b,iPhone Used,40.00,56.00,44.80,49.28,"{""a"":40.0,""b"":40.0,""c"":20.0,""d"":15.0,""doa"":1.0}","{""bad_back_camera"":{""kind"":""flat_usd"",""value"":30.0},""bad_face_id"":{""kind"":""condition_override"",""value"":""d""},""battery_under_80"":{""kind"":""manual"",""reason"":""extra_deduction""},""cracked_back"":{""kind"":""flat_usd"",""value"":25.0},""cracked_lens"":{""kind"":""flat_usd"",""value"":25.0},""heavy_scratching"":{""kind"":""manual"",""reason"":""extra_deduction""},""repair_message"":{""kind"":""manual"",""reason"":""extra_deduction""}}",8 plus|iphone 8 plus|iphone 8 plus 128 gb|iphone 8 plus carrier locked|iphone 8 plus locked,Cracked Back = $25 off / Cracked Lens = $25 off / Bad Face ID = Grade D / Bad Back Camera = $30 off - - - HEAVY SCRATCHING / DEGRADED BATTERY % / Repair Message(s) = EXTRA DEDUCTION
iphone,apple,iphone_8_plus__carrier_locked,iphone 8 plus,,,,256gb,carrier_locked,b,iPhone Used,45.00,63.00,50.40,55.44,"{""a"":45.0,""b"":45.0,""c"":25.0,""d"":20.0,""doa"":1.0}","{""bad_back_camera"":{""kind"":""flat_usd"",""value"":30.0},""bad_face_id"":{""kind"":""condition_override"",""value"":""d""},""battery_under_80"":{""kind"":""manual"",""reason"":""extra_deduction""},""cracked_back"":{""kind"":""flat_usd"",""value"":25.0},""cracked_lens"":{""kind"":""flat_usd"",""value"":25.0},""heavy_scratching"":{""kind"":""manual"",""reason"":""extra_deduction""},""repair_message"":{""kind"":""manual"",""reason"":""extra_deduction""}}",8 plus|iphone 8 plus|iphone 8 plus 256 gb|iphone 8 plus carrier locked|iphone 8 plus locked,Cracked Back = $25 off / Cracked Lens = $25 off / Bad Face ID = Grade D / Bad Back Camera = $30 off - - - HEAVY SCRATCHING / DEGRADED BATTERY % / Repair Message(s) = EXTRA DEDUCTION
iphone,apple,iphone_8_plus__unlocked,iphone 8 plus,,,,64gb,unlocked,b,iPhone Used,50.00,70.00,56.00,61.60,"{""a"":55.0,""b"":50.0,""c"":20.0,""d"":5.0,""doa"":1.0}","{""bad_back_camera"":{""kind"":""flat_usd"",""value"":30.0},""bad_face_id"":{""kind"":""condition_override"",""value"":""d""},""battery_under_80"":{""kind"":""manual"",""reason"":""extra_deduction""},""cracked_back"":{""kind"":""flat_usd"",""value"":25.0},""cracked_lens"":{""kind"":""flat_usd"",""value"":25.0},""heavy_scratching"":{""kind"":""manual"",""reason"":""extra_deduction""},""repair_message"":{""kind"":""manual"",""reason"":""extra_deduction""}}",8 plus|iphone 8 plus|iphone 8 plus 64 gb|iphone 8 plus unlocked,Cracked Back = $25 off / Cracked Lens = $25 off / Bad Face ID = Grade D / Bad Back Camera = $30 off - - - HEAVY SCRATCHING / DEGRADED BATTERY % / Repair Message(s) = EXTRA DEDUCTION
iphone,apple,iphone_8_plus__unlocked,iphone 8 plus,,,,128gb,unlocked,b,iPhone Used,55.00,77.00,61.60,67.76,"{""a"":60.0,""b"":55.0,""c"":25.0,""d"":10.0,""doa"":1.0}","{""bad_back_camera"":{""kind"":""flat_usd"",""value"":30.0},""bad_face_id"":{""kind"":""condition_override"",""value"":""d""},""battery_under_80"":{""kind"":""manual"",""reason"":""extra_deduction""},""cracked_back"":{""kind"":""flat_usd"",""value"":25.0},""cracked_lens"":{""kind"":""flat_usd"",""value"":25.0},""heavy_scratching"":{""kind"":""manual"",""reason"":""extra_deduction""},""repair_message"":{""kind"":""manual"",""reason"":""extra_deduction""}}",8 plus|iphone 8 plus|iphone 8 plus 128 gb|iphone 8 plus unlocked,Cracked Back = $25 off / Cracked Lens = $25 off / Bad Face ID = Grade D / Bad Back Camera = $30 off - - - HEAVY SCRATCHING / DEGRADED BATTERY % / Repair Message(s) = EXTRA DEDUCTION
iphone,apple,iphone_8_plus__unlocked,iphone 8 plus,,,,256gb,unlocked,b,iPhone Used,60.00,84.00,67.20,73.92,"{""a"":65.0,""b"":60.0,""c"":30.0,""d"":15.0,""doa"":1.0}","{""bad_back_camera"":{""kind"":""flat_usd"",""value"":30.0},""bad_face_id"":{""kind"":""condition_override"",""value"":""d""},""battery_under_80"":{""kind"":""manual"",""reason"":""extra_deduction""},""cracked_back"":{""kind"":""flat_usd"",""value"":25.0},""cracked_lens"":{""kind"":""flat_usd"",""value"":25.0},""heavy_scratching"":{""kind"":""manual"",""reason"":""extra_deduction""},""repair_message"":{""kind"":""manual"",""reason"":""extra_deduction""}}",8 plus|iphone 8 plus|iphone 8 plus 256 gb|iphone 8 plus unlocked,Cracked Back = $25 off / Cracked Lens = $25 off / Bad Face ID = Grade D / Bad Back Camera = $30 off - - - HEAVY SCRATCHING / DEGRADED BATTERY % / Repair Message(s) = EXTRA DEDUCTION
iphone,apple,iphone_se_2_nd_gen__carrier_locked,iphone se 2 nd gen,,,,64gb,carrier_locked,b,iPhone Used,35.00,49.00,39.20,43.12,"{""a"":35.0,""b"":35.0,""c"":10.0,""doa"":3.0}","{""bad_back_camera"":{""kind"":""flat_usd"",""value"":30.0},""bad_face_id"":{""kind"":""condition_override"",""value"":""d""},""battery_under_80"":{""kind"":""manual"",""reason"":""extra_deduction""},""cracked_back"":{""kind"":""flat_usd"",""value"":20.0},""cracked_lens"":{""kind"":""flat_usd"",""value"":10.0},""heavy_scratching"":{""kind"":""manual"",""reason"":""extra_deduction""},""repair_message"":{""kind"":""manual"",""reason"":""extra_deduction""}}",iphone se 2 nd gen|iphone se 2 nd gen 64 gb|iphone se 2 nd gen carrier locked|iphone se 2 nd gen locked|se 2 nd gen,Cracked Back = $20 off / Cracked Lens = $10 off / Bad Face ID = Grade D / Bad Back Camera = $30 off - - - HEAVY SCRATCHING / DEGRADED BATTERY % / Repair Message(s) = EXTRA DEDUCTION
iphone,apple,iphone_se_2_nd_gen__carrier_locked,iphone se 2 nd gen,,,,128gb,carrier_locked,b,iPhone Used,40.00,56.00,44.80,49.28,"{""a"":40.0,""b"":40.0,""c"":15.0,""d"":5.0,""doa"":3.0}","{""bad_back_camera"":{""kind"":""flat_usd"",""value"":30.0},""bad_face_id"":{""kind"":""condition_override"",""value"":""d""},""battery_under_80"":{""kind"":""manual"",""reason"":""extra_deduction""},""cracked_back"":{""kind"":""flat_usd"",""value"":20.0},""cracked_lens"":{""kind"":""flat_usd"",""value"":10.0},""heavy_scratching"":{""kind"":""manual"",""reason"":""extra_deduction""},""repair_message"":{""kind"":""manual"",""reason"":""extra_deduction""}}",iphone se 2 nd gen|iphone se 2 nd gen 128 gb|iphone se 2 nd gen carrier locked|iphone se 2 nd gen locked|se 2 nd gen,Cracked Back = $20 off / Cracked Lens = $10 off / Bad Face ID = Grade D / Bad Back Camera = $30 off - - - HEAVY SCRATCHING / DEGRADED BATTERY % / Repair Message(s) = EXTRA DEDUCTION
iphone,apple,iphone_se_2_nd_gen__carrier_locked,iphone se 2 nd gen,,,,256gb,carrier_locked,b,iPhone Used,45.00,63.00,50.40,55.44,"{""a"":45.0,""b"":45.0,""c"":20.0,""d"":10.0,""doa"":3.0}","{""bad_back_camera"":{""kind"":""flat_usd"",""value"":30.0},""bad_face_id"":{""kind"":""condition_override"",""value"":""d""},""battery_under_80"":{""kind"":""manual"",""reason"":""extra_deduction""},""cracked_back"":{""kind"":""flat_usd"",""value"":20.0},""cracked_lens"":{""kind"":""flat_usd"",""value"":10.0},""heavy_scratching"":{""kind"":""manual"",""reason"":""extra_deduction""},""repair_message"":{""kind"":""manual"",""reason"":""extra_deduction""}}",iphone se 2 nd gen|iphone se 2 nd gen 256 gb|iphone se 2 nd gen carrier locked|iphone se 2 nd gen locked|se 2 nd gen,Cracked Back = $20 off / Cracked Lens = $10 off / Bad Face ID = Grade D / Bad Back Camera = $30 off - - - HEAVY SCRATCHING / DEGRADED BATTERY % / Repair Message(s) = EXTRA DEDUCTION
iphone,apple,iphone_se_2_nd_gen__unlocked,iphone se 2 nd gen,,,,64gb,unlocked,b,iPhone Used,55.00,77.00,61.60,67.76,"{""a"":60.0,""b"":55.0,""c"":25.0,""d"":20.0,""doa"":3.0}","{""bad_back_camera"":{""kind"":""flat_usd"",""value"":30.0},""bad_face_id"":{""kind"":""condition_override"",""value"":""d""},""battery_under_80"":{""kind"":""manual"",""reason"":""extra_deduction""},""cracked_back"":{""kind"":""flat_usd"",""value"":20.0},""cracked_lens"":{""kind"":""flat_usd"",""value"":10.0},""heavy_scratching"":{""kind"":""manual"",""reason"":""extra_deduction""},""repair_message"":{""kind"":""manual"",""reason"":""extra_deduction""}}",iphone se 2 nd gen|iphone se 2 nd gen 64 gb|iphone se 2 nd gen unlocked|se 2 nd gen,Cracked Back = $20 off / Cracked Lens = $10 off / Bad Face ID = Grade D / Bad Back Camera = $30 off - - - HEAVY SCRATCHING / DEGRADED BATTERY % / Repair Message(s) = EXTRA DEDUCTION
iphone,apple,iphone_se_2_nd_gen__unlocked,iphone se 2 nd gen,,,,128gb,unlocked,b,iPhone Used,60.00,84.00,67.20,73.92,"{""a"":65.0,""b"":60.0,""c"":25.0,""d"":25.0,""doa"":3.0}","{""bad_back_camera"":{""kind"":""flat_usd"",""value"":30.0},""bad_face_id"":{""kind"":""condition_override"",""value"":""d""},""battery_under_80"":{""kind"":""manual"",""reason"":""extra_deduction""},""cracked_back"":{""kind"":""flat_usd"",""value"":20.0},""cracked_lens"":{""kind"":""flat_usd"",""value"":10.0},""heavy_scratching"":{""kind"":""manual"",""reason"":""extra_deduction""},""repair_message"":{""kind"":""manual"",""reason"":""extra_deduction""}}",iphone se 2 nd gen|iphone se 2 nd gen 128 gb|iphone se 2 nd gen unlocked|se 2 nd gen,Cracked Back = $20 off / Cracked Lens = $10 off / Bad Face ID = Grade D / Bad Back Camera = $30 off - - - HEAVY SCRATCHING / DEGRADED BATTERY % / Repair Message(s) = EXTRA DEDUCTION
iphone,apple,iphone_se_2_nd_gen__unlocked,iphone se 2 nd gen,,,,256gb,unlocked,b,iPhone Used,65.00,91.00,72.80,80.08,"{""a"":70.0,""b"":65.0,""c"":30.0,""d"":25.0,""doa"":3.0}","{""bad_back_camera"":{""kind"":""flat_usd"",""value"":30.0},""bad_face_id"":{""kind"":""condition_override"",""value"":""d""},""battery_under_80"":{""kind"":""manual"",""reason"":""extra_deduction""},""cracked_back"":{""kind"":""flat_usd"",""value"":20.0},""cracked_lens"":{""kind"":""flat_usd"",""value"":10.0},""heavy_scratching"":{""kind"":""manual"",""reason"":""extra_deduction""},""repair_message"":{""kind"":""manual"",""reason"":""extra_deduction""}}",iphone se 2 nd gen|iphone se 2 nd gen 256 gb|iphone se 2 nd gen unlocked|se 2 nd gen,Cracked Back = $20 off / Cracked Lens = $10 off / Bad Face ID = Grade D / Bad Back Camera = $30 off - - - HEAVY SCRATCHING / DEGRADED BATTERY % / Repair Message(s) = EXTRA DEDUCTION
iphone,apple,iphone_se_3_rd_gen__carrier_locked,iphone se 3 rd gen,,,,64gb,carrier_locked,b,iPhone Used,30.00,42.00,33.60,36.96,"{""a"":35.0,""b"":30.0,""c"":20.0,""d"":10.0,""doa"":3.0}","{""bad_back_camera"":{""kind"":""flat_usd"",""value"":25.0},""bad_face_id"":{""kind"":""manual"",""reason"":""ask""},""battery_under_80"":{""kind"":""manual"",""reason"":""extra_deduction""},""cracked_back"":{""kind"":""flat_usd"",""value"":30.0},""cracked_lens"":{""kind"":""flat_usd"",""value"":20.0},""heavy_scratching"":{""kind"":""manual"",""reason"":""extra_deduction""},""repair_message"":{""kind"":""manual"",""reason"":""extra_deduction""}}",iphone se 3 rd gen|iphone se 3 rd gen 64 gb|iphone se 3 rd gen carrier locked|iphone se 3 rd gen locked|se 3 rd gen,Cracked Back = $30 off / Cracked Lens = $20 off / Bad Face ID = ASK / Bad Back Camera = $25 off - - - HEAVY SCRATCHING / DEGRADED BATTERY % / Repair Message(s) = EXTRA DEDUCTION
iphone,apple,iphone_se_3_rd_gen__carrier_locked,iphone se 3 rd gen,,,,128gb,carrier_locked,b,iPhone Used,35.00,49.00,39.20,43.12,"{""a"":40.0,""b"":35.0,""c"":25.0,""d"":15.0,""doa"":3.0}","{""bad_back_camera"":{""kind"":""flat_usd"",""value"":25.0},""bad_face_id"":{""kind"":""manual"",""reason"":""ask""},""battery_under_80"":{""kind"":""manual"",""reason"":""extra_deduction""},""cracked_back"":{""kind"":""flat_usd"",""value"":30.0},""cracked_lens"":{""kind"":""flat_usd"",""value"":20.0},""heavy_scratching"":{""kind"":""manual"",""reason"":""extra_deduction""},""repair_message"":{""kind"":""manual"",""reason"":""extra_deduction""}}",iphone se 3 rd gen|iphone se 3 rd gen 128 gb|iphone se 3 rd gen carrier locked|iphone se 3 rd gen locked|se 3 rd gen,Cracked Back = $30 off / Cracked Lens = $20 off / Bad Face ID = ASK / Bad Back Camera = $25 off - - - HEAVY SCRATCHING / DEGRADED BATTERY % / Repair Message(s) = EXTRA DEDUCTION
iphone,apple,iphone_se_3_rd_gen__carrier_locked,iphone se 3 rd gen,,,,256gb,carrier_locked,b,iPhone Used,40.00,56.00,44.80,49.28,"{""a"":45.0,""b"":40.0,""c"":30.0,""d"":20.0,""doa"":3.0}","{""bad_back_camera"":{""kind"":""flat_usd"",""value"":25.0},""bad_face_id"":{""kind"":""manual"",""reason"":""ask""},""battery_under_80"":{""kind"":""manual"",""reason"":""extra_deduction""},""cracked_back"":{""kind"":""flat_usd"",""value"":30.0},""cracked_lens"":{""kind"":""flat_usd"",""value"":20.0},""heavy_scratching"":{""kind"":""manual"",""reason"":""extra_deduction""},""repair_message"":{""kind"":""manual"",""reason"":""extra_deduction""}}",iphone se 3 rd gen|iphone se 3 rd gen 256 gb|iphone se 3 rd gen carrier locked|iphone se 3 rd gen locked|se 3 rd gen,Cracked Back = $30 off / Cracked Lens = $20 off / Bad Face ID = ASK / Bad Back Camera = $25 off - - - HEAVY SCRATCHING / DEGRADED BATTERY % / Repair Message(s) = EXTRA DEDUCTION
iphone,apple,iphone_se_3_rd_gen__unlocked,iphone se 3 rd gen,,,,64gb,unlocked,b,iPhone Used,65.00,91.00,72.80,80.08,"{""a"":75.0,""b"":65.0,""c"":25.0,""d"":15.0,""doa"":3.0}","{""bad_back_camera"":{""kind"":""flat_usd"",""value"":25.0},""bad_face_id"":{""kind"":""manual"",""reason"":""ask""},""battery_under_80"":{""kind"":""manual"",""reason"":""extra_deduction""},""cracked_back"":{""kind"":""flat_usd"",""value"":30.0},""cracked_lens"":{""kind"":""flat_usd"",""value"":20.0},""heavy_scratching"":{""kind"":""manual"",""reason"":""extra_deduction""},""repair_message"":{""kind"":""manual"",""reason"":""extra_deduction""}}",iphone se 3 rd gen|iphone se 3 rd gen 64 gb|iphone se 3 rd gen unlocked|se 3 rd gen,Cracked Back = $30 off / Cracked Lens = $20 off / Bad Face ID = ASK / Bad Back Camera = $25 off - - - HEAVY SCRATCHING / DEGRADED BATTERY % / Repair Message(s) = EXTRA DEDUCTION
iphone,apple,iphone_se_3_rd_gen__unlocked,iphone se 3 rd gen,,,,128gb,unlocked,b,iPhone Used,75.00,105.00,84.00,92.40,"{""a"":85.0,""b"":75.0,""c"":35.0,""d"":25.0,""doa"":3.0}","{""bad_back_camera"":{""kind"":""flat_usd"",""value"":25.0},""bad_face_id"":{""kind"":""manual"",""reason"":""ask""},""battery_under_80"":{""kind"":""manual"",""reason"":""extra_deduction""},""cracked_back"":{""kind"":""flat_usd"",""value"":30.0},""cracked_lens"":{""kind"":""flat_usd"",""value"":20.0},""heavy_scratching"":{""kind"":""manual"",""reason"":""extra_deduction""},""repair_message"":{""kind"":""manual"",""reason"":""extra_deduction""}}",iphone se 3 rd gen|iphone se 3 rd gen 128 gb|iphone se 3 rd gen unlocked|se 3 rd gen,Cracked Back = $30 off / Cracked Lens = $20 off / Bad Face ID = ASK / Bad Back Camera = $25 off - - - HEAVY SCRATCHING / DEGRADED BATTERY % / Repair Message(s) = EXTRA DEDUCTION
iphone,apple,iphone_se_3_rd_gen__unlocked,iphone se 3 rd gen,,,,256gb,unlocked,b,iPhone Used,80.00,112.00,89.60,98.56,"{""a"":90.0,""b"":80.0,""c"":45.0,""d"":35.0,""doa"":3.0}","{""bad_back_camera"":{""kind"":""flat_usd"",""value"":25.0},""bad_face_id"":{""kind"":""manual"",""reason"":""ask""},""battery_under_80"":{""kind"":""manual"",""reason"":""extra_deduction""},""cracked_back"":{""kind"":""flat_usd"",""value"":30.0},""cracked_lens"":{""kind"":""flat_usd"",""value"":20.0},""heavy_scratching"":{""kind"":""manual"",""reason"":""extra_deduction""},""repair_message"":{""kind"":""manual"",""reason"":""extra_deduction""}}",iphone se 3 rd gen|iphone se 3 rd gen 256 gb|iphone se 3 rd gen unlocked|se 3 rd gen,Cracked Back = $30 off / Cracked Lens = $20 off / Bad Face ID = ASK / Bad Back Camera = $25 off - - - HEAVY SCRATCHING / DEGRADED BATTERY % / Repair Message(s) = EXTRA DEDUCTION
iphone,apple,iphone_x__carrier_locked,iphone x,,,,64gb,carrier_locked,b,iPhone Used,40.00,56.00,44.80,49.28,"{""a"":40.0,""b"":40.0,""c"":30.0,""d"":20.0,""doa"":1.0}","{""bad_back_camera"":{""kind"":""flat_usd"",""value"":30.0},""bad_face_id"":{""kind"":""condition_override"",""value"":""d""},""battery_under_80"":{""kind"":""manual"",""reason"":""extra_deduction""},""cracked_back"":{""kind"":""flat_usd"",""value"":25.0},""cracked_lens"":{""kind"":""flat_usd"",""value"":25.0},""heavy_scratching"":{""kind"":""manual"",""reason"":""extra_deduction""},""repair_message"":{""kind"":""manual"",""reason"":""extra_deduction""}}",iphone x|iphone x 64 gb|iphone x carrier locked|iphone x locked,Cracked Back = $25 off / Cracked Lens = $25 off / Bad Face ID = Grade D / Bad Back Camera = $30 off - - - HEAVY SCRATCHING / DEGRADED BATTERY % / Repair Message(s) = EXTRA DEDUCTION
iphone,apple,iphone_x__carrier_locked,iphone x,,,,256gb,carrier_locked,b,iPhone Used,50.00,70.00,56.00,61.60,"{""a"":50.0,""b"":50.0,""c"":40.0,""d"":25.0,""doa"":1.0}","{""bad_back_camera"":{""kind"":""flat_usd"",""value"":30.0},""bad_face_id"":{""kind"":""condition_override"",""value"":""d""},""battery_under_80"":{""kind"":""manual"",""reason"":""extra_deduction""},""cracked_back"":{""kind"":""flat_usd"",""value"":25.0},""cracked_lens"":{""kind"":""flat_usd"",""value"":25.0},""heavy_scratching"":{""kind"":""manual"",""reason"":""extra_deduction""},""repair_message"":{""kind"":""manual"",""reason"":""extra_deduction""}}",iphone x|iphone x 256 gb|iphone x carrier locked|iphone x locked,Cracked Back = $25 off / Cracked Lens = $25 off / Bad Face ID = Grade D / Bad Back Camera = $30 off - - - HEAVY SCRATCHING / DEGRADED BATTERY % / Repair Message(s) = EXTRA DEDUCTION
iphone,apple,iphone_x__unlocked,iphone x,,,,64gb,unlocked,b,iPhone Used,70.00,98.00,78.40,86.24,"{""a"":75.0,""b"":70.0,""c"":30.0,""d"":20.0,""doa"":1.0}","{""bad_back_camera"":{""kind"":""flat_usd"",""value"":30.0},""bad_face_id"":{""kind"":""condition_override"",""value"":""d""},""battery_under_80"":{""kind"":""manual"",""reason"":""extra_deduction""},""cracked_back"":{""kind"":""flat_usd"",""value"":25.0},""cracked_lens"":{""kind"":""flat_usd"",""value"":25.0},""heavy_scratching"":{""kind"":""manual"",""reason"":""extra_deduction""},""repair_message"":{""kind"":""manual"",""reason"":""extra_deduction""}}",iphone x|iphone x 64 gb|iphone x unlocked,Cracked Back = $25 off / Cracked Lens = $25 off / Bad Face ID = Grade D / Bad Back Camera = $30 off - - - HEAVY SCRATCHING / DEGRADED BATTERY % / Repair Message(s) = EXTRA DEDUCTION
iphone,apple,iphone_x__unlocked,iphone x,,,,256gb,unlocked,b,iPhone Used,75.00,105.00,84.00,92.40,"{""a"":80.0,""b"":75.0,""c"":35.0,""d"":25.0,""doa"":1.0}","{""bad_back_camera"":{""kind"":""flat_usd"",""value"":30.0},""bad_face_id"":{""kind"":""condition_override"",""value"":""d""},""battery_under_80"":{""kind"":""manual"",""reason"":""extra_deduction""},""cracked_back"":{""kind"":""flat_usd"",""value"":25.0},""cracked_lens"":{""kind"":""flat_usd"",""value"":25.0},""heavy_scratching"":{""kind"":""manual"",""reason"":""extra_deduction""},""repair_message"":{""kind"":""manual"",""reason"":""extra_deduction""}}",iphone x|iphone x 256 gb|iphone x unlocked,Cracked Back = $25 off / Cracked Lens = $25 off / Bad Face ID = Grade D / Bad Back Camera = $30 off - - - HEAVY SCRATCHING / DEGRADED BATTERY % / Repair Message(s) = EXTRA DEDUCTION
iphone,apple,iphone_xr__carrier_locked,iphone xr,,,,64gb,carrier_locked,b,iPhone Used,50.00,70.00,56.00,61.60,"{""a"":50.0,""b"":50.0,""c"":20.0,""d"":10.0,""doa"":1.5}","{""bad_back_camera"":{""kind"":""flat_usd"",""value"":30.0},""bad_face_id"":{""kind"":""condition_override"",""value"":""d""},""battery_under_80"":{""kind"":""manual"",""reason"":""extra_deduction""},""cracked_back"":{""kind"":""flat_usd"",""value"":25.0},""cracked_lens"":{""kind"":""flat_usd"",""value"":25.0},""heavy_scratching"":{""kind"":""manual"",""reason"":""extra_deduction""},""repair_message"":{""kind"":""manual"",""reason"":""extra_deduction""}}",iphone xr|iphone xr 64 gb|iphone xr carrier locked|iphone xr locked,Cracked Back = $25 off / Cracked Lens = $25 off / Bad Face ID = Grade D / Bad Back Camera = $30 off - - - HEAVY SCRATCHING / DEGRADED BATTERY % / Repair Message(s) = EXTRA DEDUCTION
iphone,apple,iphone_xr__carrier_locked,iphone xr,,,,128gb,carrier_locked,b,iPhone Used,55.00,77.00,61.60,67.76,"{""a"":55.0,""b"":55.0,""c"":25.0,""d"":15.0,""doa"":1.5}","{""bad_back_camera"":{""kind"":""flat_usd"",""value"":30.0},""bad_face_id"":{""kind"":""condition_override"",""value"":""d""},""battery_under_80"":{""kind"":""manual"",""reason"":""extra_deduction""},""cracked_back"":{""kind"":""flat_usd"",""value"":25.0},""cracked_lens"":{""kind"":""flat_usd"",""value"":25.0},""heavy_scratching"":{""kind"":""manual"",""reason"":""extra_deduction""},""repair_message"":{""kind"":""manual"",""reason"":""extra_deduction""}}",iphone xr|iphone xr 128 gb|iphone xr carrier locked|iphone xr locked,Cracked Back = $25 off / Cracked Lens = $25 off / Bad Face ID = Grade D / Bad Back Camera = $30 off - - - HEAVY SCRATCHING / DEGRADED BATTERY % / Repair Message(s) = EXTRA DEDUCTION
iphone,apple,iphone_xr__carrier_locked,iphone xr,,,,256gb,carrier_locked,b,iPhone Used,60.00,84.00,67.20,73.92,"{""a"":60.0,""b"":60.0,""c"":30.0,""d"":20.0,""doa"":1.5}","{""bad_back_camera"":{""kind"":""flat_usd"",""value"":30.0},""bad_face_id"":{""kind"":""condition_override"",""value"":""d""},""battery_under_80"":{""kind"":""manual"",""reason"":""extra_deduction""},""cracked_back"":{""kind"":""flat_usd"",""value"":25.0},""cracked_lens"":{""kind"":""flat_usd"",""value"":25.0},""heavy_scratching"":{""kind"":""manual"",""reason"":""extra_deduction""},""repair_message"":{""kind"":""manual"",""reason"":""extra_deduction""}}",iphone xr|iphone xr 256 gb|iphone xr carrier locked|iphone xr locked,Cracked Back = $25 off / Cracked Lens = $25 off / Bad Face ID = Grade D / Bad Back Camera = $30 off - - - HEAVY SCRATCHING / DEGRADED BATTERY % / Repair Message(s) = EXTRA DEDUCTION
iphone,apple,iphone_xr__unlocked,iphone xr,,,,64gb,unlocked,b,iPhone Used,80.00,112.00,89.60,98.56,"{""a"":85.0,""b"":80.0,""c"":30.0,""d"":15.0,""doa"":1.5}","{""bad_back_camera"":{""kind"":""flat_usd"",""value"":30.0},""bad_face_id"":{""kind"":""condition_override"",""value"":""d""},""battery_under_80"":{""kind"":""manual"",""reason"":""extra_deduction""},""cracked_back"":{""kind"":""flat_usd"",""value"":25.0},""cracked_lens"":{""kind"":""flat_usd"",""value"":25.0},""heavy_scratching"":{""kind"":""manual"",""reason"":""extra_deduction""},""repair_message"":{""kind"":""manual"",""reason"":""extra_deduction""}}",iphone xr|iphone xr 64 gb|iphone xr unlocked,Cracked Back = $25 off / Cracked Lens = $25 off / Bad Face ID = Grade D / Bad Back Camera = $30 off - - - HEAVY SCRATCHING / DEGRADED BATTERY % / Repair Message(s) = EXTRA DEDUCTION
iphone,apple,iphone_xr__unlocked,iphone xr,,,,128gb,unlocked,b,iPhone Used,85.00,119.00,95.20,104.72,"{""a"":90.0,""b"":85.0,""c"":35.0,""d"":20.0,""doa"":1.5}","{""bad_back_camera"":{""kind"":""flat_usd"",""value"":30.0},""bad_face_id"":{""kind"":""condition_override"",""value"":""d""},""battery_under_80"":{""kind"":""manual"",""reason"":""extra_deduction""},""cracked_back"":{""kind"":""flat_usd"",""value"":25.0},""cracked_lens"":{""kind"":""flat_usd"",""value"":25.0},""heavy_scratching"":{""kind"":""manual"",""reason"":""extra_deduction""},""repair_message"":{""kind"":""manual"",""reason"":""extra_deduction""}}",iphone xr|iphone xr 128 gb|iphone xr unlocked,Cracked Back = $25 off / Cracked Lens = $25 off / Bad Face ID = Grade D / Bad Back Camera = $30 off - - - HEAVY SCRATCHING / DEGRADED BATTERY % / Repair Message(s) = EXTRA DEDUCTION
iphone,apple,iphone_xr__unlocked,iphone xr,,,,256gb,unlocked,b,iPhone Used,90.00,126.00,100.80,110.88,"{""a"":95.0,""b"":90.0,""c"":40.0,""d"":25.0,""doa"":1.5}","{""bad_back_camera"":{""kind"":""flat_usd"",""value"":30.0},""bad_face_id"":{""kind"":""condition_override"",""value"":""d""},""battery_under_80"":{""kind"":""manual"",""reason"":""extra_deduction""},""cracked_back"":{""kind"":""flat_usd"",""value"":25.0},""cracked_lens"":{""kind"":""flat_usd"",""value"":25.0},""heavy_scratching"":{""kind"":""manual"",""reason"":""extra_deduction""},""repair_message"":{""kind"":""manual"",""reason"":""extra_deduction""}}",iphone xr|iphone xr 256 gb|iphone xr unlocked,Cracked Back = $25 off / Cracked Lens = $25 off / Bad Face ID = Grade D / Bad Back Camera = $30 off - - - HEAVY SCRATCHING / DEGRADED BATTERY % / Repair Message(s) = EXTRA DEDUCTION
iphone,apple,iphone_xs__carrier_locked,iphone xs,,,,64gb,carrier_locked,b,iPhone Used,50.00,70.00,56.00,61.60,"{""a"":50.0,""b"":50.0,""c"":25.0,""d"":20.0,""doa"":1.0}","{""bad_back_camera"":{""kind"":""flat_usd"",""value"":30.0},""bad_face_id"":{""kind"":""condition_override"",""value"":""d""},""battery_under_80"":{""kind"":""manual"",""reason"":""extra_deduction""},""cracked_back"":{""kind"":""flat_usd"",""value"":30.0},""cracked_lens"":{""kind"":""flat_usd"",""value"":20.0},""heavy_scratching"":{""kind"":""manual"",""reason"":""extra_deduction""},""repair_message"":{""kind"":""manual"",""reason"":""extra_deduction""}}",iphone xs|iphone xs 64 gb|iphone xs carrier locked|iphone xs locked,Cracked Back = $30 off / Cracked Lens = $20 off / Bad Face ID = Grade D / Bad Back Camera = $30 off - - - HEAVY SCRATCHING / DEGRADED BATTERY % / Repair Message(s) = EXTRA DEDUCTION
iphone,apple,iphone_xs__carrier_locked,iphone xs,,,,256gb,carrier_locked,b,iPhone Used,60.00,84.00,67.20,73.92,"{""a"":60.0,""b"":60.0,""c"":35.0,""d"":25.0,""doa"":1.0}","{""bad_back_camera"":{""kind"":""flat_usd"",""value"":30.0},""bad_face_id"":{""kind"":""condition_override"",""value"":""d""},""battery_under_80"":{""kind"":""manual"",""reason"":""extra_deduction""},""cracked_back"":{""kind"":""flat_usd"",""value"":30.0},""cracked_lens"":{""kind"":""flat_usd"",""value"":20.0},""heavy_scratching"":{""kind"":""manual"",""reason"":""extra_deduction""},""repair_message"":{""kind"":""manual"",""reason"":""extra_deduction""}}",iphone xs|iphone xs 256 gb|iphone xs carrier locked|iphone xs locked,Cracked Back = $30 off / Cracked Lens = $20 off / Bad Face ID = Grade D / Bad Back Camera = $30 off - - - HEAVY SCRATCHING / DEGRADED BATTERY % / Repair Message(s) = EXTRA DEDUCTION
iphone,apple,iphone_xs__carrier_locked,iphone xs,,,,512gb,carrier_locked,b,iPhone Used,70.00,98.00,78.40,86.24,"{""a"":70.0,""b"":70.0,""c"":45.0,""d"":26.0,""doa"":1.0}","{""bad_back_camera"":{""kind"":""flat_usd"",""value"":30.0},""bad_face_id"":{""kind"":""condition_override"",""value"":""d""},""battery_under_80"":{""kind"":""manual"",""reason"":""extra_deduction""},""cracked_back"":{""kind"":""flat_usd"",""value"":30.0},""cracked_lens"":{""kind"":""flat_usd"",""value"":20.0},""heavy_scratching"":{""kind"":""manual"",""reason"":""extra_deduction""},""repair_message"":{""kind"":""manual"",""reason"":""extra_deduction""}}",iphone xs|iphone xs 512 gb|iphone xs carrier locked|iphone xs locked,Cracked Back = $30 off / Cracked Lens = $20 off / Bad Face ID = Grade D / Bad Back Camera = $30 off - - - HEAVY SCRATCHING / DEGRADED BATTERY % / Repair Message(s) = EXTRA DEDUCTION
iphone,apple,iphone_xs__unlocked,iphone xs,,,,64gb,unlocked,b,iPhone Used,90.00,126.00,100.80,110.88,"{""a"":95.0,""b"":90.0,""c"":40.0,""d"":30.0,""doa"":1.0}","{""bad_back_camera"":{""kind"":""flat_usd"",""value"":30.0},""bad_face_id"":{""kind"":""condition_override"",""value"":""d""},""battery_under_80"":{""kind"":""manual"",""reason"":""extra_deduction""},""cracked_back"":{""kind"":""flat_usd"",""value"":30.0},""cracked_lens"":{""kind"":""flat_usd"",""value"":20.0},""heavy_scratching"":{""kind"":""manual"",""reason"":""extra_deduction""},""repair_message"":{""kind"":""manual"",""reason"":""extra_deduction""}}",iphone xs|iphone xs 64 gb|iphone xs unlocked,Cracked Back = $30 off / Cracked Lens = $20 off / Bad Face ID = Grade D / Bad Back Camera = $30 off - - - HEAVY SCRATCHING / DEGRADED BATTERY % / Repair Message(s) = EXTRA DEDUCTION
iphone,apple,iphone_xs__unlocked,iphone xs,,,,256gb,unlocked,b,iPhone Used,90.00,126.00,100.80,110.88,"{""a"":100.0,""b"":90.0,""c"":40.0,""d"":30.0,""doa"":1.0}","{""bad_back_camera"":{""kind"":""flat_usd"",""value"":30.0},""bad_face_id"":{""kind"":""condition_override"",""value"":""d""},""battery_under_80"":{""kind"":""manual"",""reason"":""extra_deduction""},""cracked_back"":{""kind"":""flat_usd"",""value"":30.0},""cracked_lens"":{""kind"":""flat_usd"",""value"":20.0},""heavy_scratching"":{""kind"":""manual"",""reason"":""extra_deduction""},""repair_message"":{""kind"":""manual"",""reason"":""extra_deduction""}}",iphone xs|iphone xs 256 gb|iphone xs unlocked,Cracked Back = $30 off / Cracked Lens = $20 off / Bad Face ID = Grade D / Bad Back Camera = $30 off - - - HEAVY SCRATCHING / DEGRADED BATTERY % / Repair Message(s) = EXTRA DEDUCTION
iphone,apple,iphone_xs__unlocked,iphone xs,,,,512gb,unlocked,b,iPhone Used,95.00,133.00,106.40,117.04,"{""a"":105.0,""b"":95.0,""c"":45.0,""d"":35.0,""doa"":1.0}","{""bad_back_camera"":{""kind"":""flat_usd"",""value"":30.0},""bad_face_id"":{""kind"":""condition_override"",""value"":""d""},""battery_under_80"":{""kind"":""manual"",""reason"":""extra_deduction""},""cracked_back"":{""kind"":""flat_usd"",""value"":30.0},""cracked_lens"":{""kind"":""flat_usd"",""value"":20.0},""heavy_scratching"":{""kind"":""manual"",""reason"":""extra_deduction""},""repair_message"":{""kind"":""manual"",""reason"":""extra_deduction""}}",iphone xs|iphone xs 512 gb|iphone xs unlocked,Cracked Back = $30 off / Cracked Lens = $20 off / Bad Face ID = Grade D / Bad Back Camera = $30 off - - - HEAVY SCRATCHING / DEGRADED BATTERY % / Repair Message(s) = EXTRA DEDUCTION
iphone,apple,iphone_xs_max__carrier_locked,iphone xs max,,,,64gb,carrier_locked,b,iPhone Used,50.00,70.00,56.00,61.60,"{""a"":50.0,""b"":50.0,""c"":30.0,""d"":20.0}","{""bad_back_camera"":{""kind"":""flat_usd"",""value"":30.0},""bad_face_id"":{""kind"":""condition_override"",""value"":""d""},""battery_under_80"":{""kind"":""manual"",""reason"":""extra_deduction""},""cracked_back"":{""kind"":""flat_usd"",""value"":30.0},""cracked_lens"":{""kind"":""flat_usd"",""value"":20.0},""heavy_scratching"":{""kind"":""manual"",""reason"":""extra_deduction""},""repair_message"":{""kind"":""manual"",""reason"":""extra_deduction""}}",iphone xs max|iphone xs max 64 gb|iphone xs max carrier locked|iphone xs max locked|xs max,Cracked Back = $30 off / Cracked Lens = $20 off / Bad Face ID = Grade D / Bad Back Camera = $30 off - - - HEAVY SCRATCHING / DEGRADED BATTERY % / Repair Message(s) = EXTRA DEDUCTION
iphone,apple,iphone_xs_max__carrier_locked,iphone xs max,,,,256gb,carrier_locked,b,iPhone Used,60.00,84.00,67.20,73.92,"{""a"":60.0,""b"":60.0,""c"":40.0,""d"":30.0}","{""bad_back_camera"":{""kind"":""flat_usd"",""value"":30.0},""bad_face_id"":{""kind"":""condition_override"",""value"":""d""},""battery_under_80"":{""kind"":""manual"",""reason"":""extra_deduction""},""cracked_back"":{""kind"":""flat_usd"",""value"":30.0},""cracked_lens"":{""kind"":""flat_usd"",""value"":20.0},""heavy_scratching"":{""kind"":""manual"",""reason"":""extra_deduction""},""repair_message"":{""kind"":""manual"",""reason"":""extra_deduction""}}",iphone xs max|iphone xs max 256 gb|iphone xs max carrier locked|iphone xs max locked|xs max,Cracked Back = $30 off / Cracked Lens = $20 off / Bad Face ID = Grade D / Bad Back Camera = $30 off - - - HEAVY SCRATCHING / DEGRADED BATTERY % / Repair Message(s) = EXTRA DEDUCTION
iphone,apple,iphone_xs_max__carrier_locked,iphone xs max,,,,512gb,carrier_locked,b,iPhone Used,70.00,98.00,78.40,86.24,"{""a"":70.0,""b"":70.0,""c"":50.0,""d"":35.0}","{""bad_back_camera"":{""kind"":""flat_usd"",""value"":30.0},""bad_face_id"":{""kind"":""condition_override"",""value"":""d""},""battery_under_80"":{""kind"":""manual"",""reason"":""extra_deduction""},""cracked_back"":{""kind"":""flat_usd"",""value"":30.0},""cracked_lens"":{""kind"":""flat_usd"",""value"":20.0},""heavy_scratching"":{""kind"":""manual"",""reason"":""extra_deduction""},""repair_message"":{""kind"":""manual"",""reason"":""extra_deduction""}}",iphone xs max|iphone xs max 512 gb|iphone xs max carrier locked|iphone xs max locked|xs max,Cracked Back = $30 off / Cracked Lens = $20 off / Bad Face ID = Grade D / Bad Back Camera = $30 off - - - HEAVY SCRATCHING / DEGRADED BATTERY % / Repair Message(s) = EXTRA DEDUCTION
iphone,apple,iphone_xs_max__unlocked,iphone xs max,,,,64gb,unlocked,b,iPhone Used,110.00,154.00,123.20,135.52,"{""a"":120.0,""b"":110.0,""c"":70.0,""d"":50.0}","{""bad_back_camera"":{""kind"":""flat_usd"",""value"":30.0},""bad_face_id"":{""kind"":""condition_override"",""value"":""d""},""battery_under_80"":{""kind"":""manual"",""reason"":""extra_deduction""},""cracked_back"":{""kind"":""flat_usd"",""value"":30.0},""cracked_lens"":{""kind"":""flat_usd"",""value"":20.0},""heavy_scratching"":{""kind"":""manual"",""reason"":""extra_deduction""},""repair_message"":{""kind"":""manual"",""reason"":""extra_deduction""}}",iphone xs max|iphone xs max 64 gb|iphone xs max unlocked|xs max,Cracked Back = $30 off / Cracked Lens = $20 off / Bad Face ID = Grade D / Bad Back Camera = $30 off - - - HEAVY SCRATCHING / DEGRADED BATTERY % / Repair Message(s) = EXTRA DEDUCTION
iphone,apple,iphone_xs_max__unlocked,iphone xs max,,,,256gb,unlocked,b,iPhone Used,120.00,168.00,134.40,147.84,"{""a"":130.0,""b"":120.0,""c"":80.0,""d"":60.0}","{""bad_back_camera"":{""kind"":""flat_usd"",""value"":30.0},""bad_face_id"":{""kind"":""condition_override"",""value"":""d""},""battery_under_80"":{""kind"":""manual"",""reason"":""extra_deduction""},""cracked_back"":{""kind"":""flat_usd"",""value"":30.0},""cracked_lens"":{""kind"":""flat_usd"",""value"":20.0},""heavy_scratching"":{""kind"":""manual"",""reason"":""extra_deduction""},""repair_message"":{""kind"":""manual"",""reason"":""extra_deduction""}}",iphone xs max|iphone xs max 256 gb|iphone xs max unlocked|xs max,Cracked Back = $30 off / Cracked Lens = $20 off / Bad Face ID = Grade D / Bad Back Camera = $30 off - - - HEAVY SCRATCHING / DEGRADED BATTERY % / Repair Message(s) = EXTRA DEDUCTION
iphone,apple,iphone_xs_max__unlocked,iphone xs max,,,,512gb,unlocked,b,iPhone Used,130.00,182.00,145.60,160.16,"{""a"":140.0,""b"":130.0,""c"":85.0,""d"":65.0}","{""bad_back_camera"":{""kind"":""flat_usd"",""value"":30.0},""bad_face_id"":{""kind"":""condition_override"",""value"":""d""},""battery_under_80"":{""kind"":""manual"",""reason"":""extra_deduction""},""cracked_back"":{""kind"":""flat_usd"",""value"":30.0},""cracked_lens"":{""kind"":""flat_usd"",""value"":20.0},""heavy_scratching"":{""kind"":""manual"",""reason"":""extra_deduction""},""repair_message"":{""kind"":""manual"",""reason"":""extra_deduction""}}",iphone xs max|iphone xs max 512 gb|iphone xs max unlocked|xs max,Cracked Back = $30 off / Cracked Lens = $20 off / Bad Face ID = Grade D / Bad Back Camera = $30 off - - - HEAVY SCRATCHING / DEGRADED BATTERY % / Repair Message(s) = EXTRA DEDUCTION
macbook,apple,macbook_air_13_m_1__not_applicable,macbook air 13 m 1,2020,macbook air,m 1,256gb,not_applicable,open,MacBook Master,450.00,630.00,504.00,554.40,"{""activated"":450.0,""open"":450.0,""sealed"":500.0}",{},air 13 m 1|macbook air 13 m 1|macbook air 13 m 1 256 gb|mba 13 m 1,Part-code row inferred from standard 2020 M1 Air lineup
macbook,apple,macbook_air_13_m_2__not_applicable,macbook air 13 m 2,2022,macbook air,m 2,256gb,not_applicable,open,MacBook Master,530.00,742.00,593.60,652.96,"{""activated"":530.0,""open"":530.0,""sealed"":580.0}",{},air 13 m 2|macbook air 13 m 2|macbook air 13 m 2 256 gb|mba 13 m 2,Part-code row inferred from standard 2022 M2 Air lineup
macbook,apple,macbook_air_13_m_4__not_applicable,macbook air 13 m 4,2025,macbook air,m 4,256gb,not_applicable,open,MacBook Master,675.00,945.00,756.00,831.60,"{""activated"":675.0,""open"":675.0,""sealed"":725.0}",{},air 13 m 4|macbook air 13 m 4|macbook air 13 m 4 256 gb|mba 13 m 4,Part-code row inferred as the lowest-storage M4 Air 13-inch variant
macbook,apple,macbook_air_13_m_4__not_applicable,macbook air 13 m 4,2025,macbook air,m 4,512gb,not_applicable,open,MacBook Master,805.00,1127.00,901.60,991.76,"{""activated"":805.0,""open"":805.0,""sealed"":855.0}",{},air 13 m 4|macbook air 13 m 4|macbook air 13 m 4 512 gb|mba 13 m 4,Part-code row inferred as the mid-storage M4 Air 13-inch variant
macbook,apple,macbook_air_13_m_4_24_gb__not_applicable,macbook air 13 m 4 24 gb,2025,macbook air,m 4,512gb,not_applicable,open,MacBook Master,930.00,1302.00,1041.60,1145.76,"{""activated"":930.0,""open"":930.0,""sealed"":980.0}",{},air 13 m 4 24 gb|macbook air 13 m 4 24 gb|macbook air 13 m 4 24 gb 512 gb|mba 13 m 4 24 gb,Part-code row inferred as the higher-memory M4 Air 13-inch variant
macbook,apple,macbook_air_13_m_5_16_gb__not_applicable,macbook air 13 m 5 16 gb,2026,macbook air,m 5,16gb,not_applicable,open,MacBook Master,855.00,1197.00,957.60,1053.36,"{""activated"":855.0,""open"":855.0,""sealed"":900.0}",{},air 13 m 5 16 gb|macbook air 13 m 5 16 gb|macbook air 13 m 5 16 gb 16 gb|mba 13 m 5 16 gb,"M5 / 10C-8C / 16GB / 512GB / 13"" | M5 / 10C-10C / 16GB / 1TB / 13"""
macbook,apple,macbook_air_13_m_5_24_gb__not_applicable,macbook air 13 m 5 24 gb,2026,macbook air,m 5,24gb,not_applicable,open,MacBook Master,1080.00,1512.00,1209.60,1330.56,"{""activated"":1080.0,""open"":1080.0,""sealed"":1125.0}",{},air 13 m 5 24 gb|macbook air 13 m 5 24 gb|macbook air 13 m 5 24 gb 24 gb|mba 13 m 5 24 gb,"M5 / 10C-10C / 24GB / 1TB / 13"""
macbook,apple,macbook_air_15_m_4__not_applicable,macbook air 15 m 4,2025,macbook air,m 4,256gb,not_applicable,open,MacBook Master,795.00,1113.00,890.40,979.44,"{""activated"":795.0,""open"":795.0,""sealed"":845.0}",{},air 15 m 4|macbook air 15 m 4|macbook air 15 m 4 256 gb|mba 15 m 4,Part-code row inferred as the lowest-storage M4 Air 15-inch variant
macbook,apple,macbook_air_15_m_4__not_applicable,macbook air 15 m 4,2025,macbook air,m 4,512gb,not_applicable,open,MacBook Master,950.00,1330.00,1064.00,1170.40,"{""activated"":950.0,""open"":950.0,""sealed"":1000.0}",{},air 15 m 4|macbook air 15 m 4|macbook air 15 m 4 512 gb|mba 15 m 4,Part-code row inferred as the mid-storage M4 Air 15-inch variant
macbook,apple,macbook_air_15_m_4_24_gb__not_applicable,macbook air 15 m 4 24 gb,2025,macbook air,m 4,512gb,not_applicable,open,MacBook Master,1075.00,1505.00,1204.00,1324.40,"{""activated"":1075.0,""open"":1075.0,""sealed"":1125.0}",{},air 15 m 4 24 gb|macbook air 15 m 4 24 gb|macbook air 15 m 4 24 gb 512 gb|mba 15 m 4 24 gb,Part-code row inferred as the higher-memory M4 Air 15-inch variant
macbook,apple,macbook_air_15_m_5_16_gb__not_applicable,macbook air 15 m 5 16 gb,2026,macbook air,m 5,16gb,not_applicable,open,MacBook Master,990.00,1386.00,1108.80,1219.68,"{""activated"":990.0,""open"":990.0,""sealed"":1035.0}",{},air 15 m 5 16 gb|macbook air 15 m 5 16 gb|macbook air 15 m 5 16 gb 16 gb|mba 15 m 5 16 gb,"M5 / 10C-10C / 16GB / 512GB / 15"" | M5 / 10C-10C / 16GB / 1TB / 15"""
macbook,apple,macbook_air_15_m_5_24_gb__not_applicable,macbook air 15 m 5 24 gb,2026,macbook air,m 5,24gb,not_applicable,open,MacBook Master,1170.00,1638.00,1310.40,1441.44,"{""activated"":1170.0,""open"":1170.0,""sealed"":1240.0}",{},air 15 m 5 24 gb|macbook air 15 m 5 24 gb|macbook air 15 m 5 24 gb 24 gb|mba 15 m 5 24 gb,"M5 / 10C-10C / 24GB / 1TB / 15"""
macbook,apple,macbook_pro_13_m_2__not_applicable,macbook pro 13 m 2,2022,macbook pro,m 2,256gb,not_applicable,open,MacBook Master,530.00,742.00,593.60,652.96,"{""activated"":530.0,""open"":530.0,""sealed"":580.0}",{},macbook pro 13 m 2|macbook pro 13 m 2 256 gb|mbp 13 m 2|pro 13 m 2,Part-code row inferred from standard 2022 M2 Pro lineup
macbook,apple,macbook_pro_14_m_4__not_applicable,macbook pro 14 m 4,2024,macbook pro,m 4,512gb,not_applicable,open,MacBook Master,1025.00,1435.00,1148.00,1262.80,"{""activated"":1025.0,""open"":1025.0,""sealed"":1125.0}",{},macbook pro 14 m 4|macbook pro 14 m 4 512 gb|mbp 14 m 4|pro 14 m 4,Base 14-inch M4 row
macbook,apple,macbook_pro_14_m_4__not_applicable,macbook pro 14 m 4,2024,macbook pro,m 4,1tb,not_applicable,open,MacBook Master,1100.00,1540.00,1232.00,1355.20,"{""activated"":1100.0,""open"":1100.0,""sealed"":1175.0}",{},macbook pro 14 m 4|macbook pro 14 m 4 1 tb|mbp 14 m 4|pro 14 m 4,Base 14-inch M4 1TB row
macbook,apple,macbook_pro_14_m_4_high__not_applicable,macbook pro 14 m 4 high,2024,macbook pro,m 4,1tb,not_applicable,open,MacBook Master,1275.00,1785.00,1428.00,1570.80,"{""activated"":1275.0,""open"":1275.0,""sealed"":1325.0}",{},macbook pro 14 m 4 high|macbook pro 14 m 4 high 1 tb|mbp 14 m 4 high|pro 14 m 4 high,Higher-spec 14-inch M4 1TB row
macbook,apple,macbook_pro_14_m_4_max__not_applicable,macbook pro 14 m 4 max,2024,macbook pro,m 4 max,1tb,not_applicable,open,MacBook Master,2050.00,2870.00,2296.00,2525.60,"{""activated"":2050.0,""open"":2050.0,""sealed"":2150.0}",{},macbook pro 14 m 4 max|macbook pro 14 m 4 max 1 tb|mbp 14 m 4 max|pro 14 m 4 max,14-inch M4 Max 1TB row
macbook,apple,macbook_pro_14_m_4_pro__not_applicable,macbook pro 14 m 4 pro,2024,macbook pro,m 4 pro,512gb,not_applicable,open,MacBook Master,1370.00,1918.00,1534.40,1687.84,"{""activated"":1370.0,""open"":1370.0,""sealed"":1420.0}",{},macbook pro 14 m 4 pro|macbook pro 14 m 4 pro 512 gb|mbp 14 m 4 pro|pro 14 m 4 pro,14-inch M4 Pro 512GB row
macbook,apple,macbook_pro_14_m_4_pro__not_applicable,macbook pro 14 m 4 pro,2024,macbook pro,m 4 pro,1tb,not_applicable,open,MacBook Master,1550.00,2170.00,1736.00,1909.60,"{""activated"":1550.0,""open"":1550.0,""sealed"":1650.0}",{},macbook pro 14 m 4 pro|macbook pro 14 m 4 pro 1 tb|mbp 14 m 4 pro|pro 14 m 4 pro,14-inch M4 Pro 1TB row
macbook,apple,macbook_pro_14_m_5_max__not_applicable,macbook pro 14 m 5 max,2025,macbook pro,m 5 max,1tb,not_applicable,open,MacBook Master,1450.00,2030.00,1624.00,1786.40,"{""activated"":1450.0,""open"":1450.0,""sealed"":1525.0}",{},macbook pro 14 m 5 max|macbook pro 14 m 5 max 1 tb|mbp 14 m 5 max|pro 14 m 5 max,2025 M5 Max 14-inch
macbook,apple,macbook_pro_14_m_5_max_36_gb__not_applicable,macbook pro 14 m 5 max 36 gb,2026,macbook pro,m 5 max,36gb,not_applicable,open,MacBook Master,2430.00,3402.00,2721.60,2993.76,"{""activated"":2430.0,""open"":2430.0,""sealed"":2520.0}",{},macbook pro 14 m 5 max 36 gb|macbook pro 14 m 5 max 36 gb 36 gb|mbp 14 m 5 max 36 gb|pro 14 m 5 max 36 gb,"M5 MAX / 18C-32C / 36GB / 2TB / 14"""
macbook,apple,macbook_pro_14_m_5_pro__not_applicable,macbook pro 14 m 5 pro,2025,macbook pro,m 5 pro,512gb,not_applicable,open,MacBook Master,1225.00,1715.00,1372.00,1509.20,"{""activated"":1225.0,""open"":1225.0,""sealed"":1275.0}",{},macbook pro 14 m 5 pro|macbook pro 14 m 5 pro 512 gb|mbp 14 m 5 pro|pro 14 m 5 pro,Base 2025 M5 Pro 14-inch
macbook,apple,macbook_pro_14_m_5_pro__not_applicable,macbook pro 14 m 5 pro,2025,macbook pro,m 5 pro,1tb,not_applicable,open,MacBook Master,1300.00,1820.00,1456.00,1601.60,"{""activated"":1300.0,""open"":1300.0,""sealed"":1350.0}",{},macbook pro 14 m 5 pro|macbook pro 14 m 5 pro 1 tb|mbp 14 m 5 pro|pro 14 m 5 pro,Higher-storage 2025 M5 Pro 14-inch
macbook,apple,macbook_pro_14_m_5_pro_24_gb__not_applicable,macbook pro 14 m 5 pro 24 gb,2026,macbook pro,m 5 pro,24gb,not_applicable,open,MacBook Master,1530.00,2142.00,1713.60,1884.96,"{""activated"":1530.0,""open"":1530.0,""sealed"":1575.0}",{},macbook pro 14 m 5 pro 24 gb|macbook pro 14 m 5 pro 24 gb 24 gb|mbp 14 m 5 pro 24 gb|pro 14 m 5 pro 24 gb,"M5 PRO / 15C-16C / 24GB / 1TB / 14"" | M5 PRO / 15C-16C / 24GB / 2TB / 14"" | M5 PRO / 18C-20C / 24GB / 2TB / 14"""
macbook,apple,macbook_pro_16_m_4_max__not_applicable,macbook pro 16 m 4 max,2024,macbook pro,m 4 max,1tb,not_applicable,open,MacBook Master,2300.00,3220.00,2576.00,2833.60,"{""activated"":2300.0,""open"":2300.0,""sealed"":2450.0}",{},macbook pro 16 m 4 max|macbook pro 16 m 4 max 1 tb|mbp 16 m 4 max|pro 16 m 4 max,Lower of the visible 16-inch M4 Max 1TB rows
macbook,apple,macbook_pro_16_m_4_max_high__not_applicable,macbook pro 16 m 4 max high,2024,macbook pro,m 4 max,1tb,not_applicable,open,MacBook Master,2625.00,3675.00,2940.00,3234.00,"{""activated"":2625.0,""open"":2625.0,""sealed"":2775.0}",{},macbook pro 16 m 4 max high|macbook pro 16 m 4 max high 1 tb|mbp 16 m 4 max high|pro 16 m 4 max high,Higher-spec 16-inch M4 Max 1TB row
macbook,apple,macbook_pro_16_m_4_pro__not_applicable,macbook pro 16 m 4 pro,2024,macbook pro,m 4 pro,512gb,not_applicable,open,MacBook Master,1625.00,2275.00,1820.00,2002.00,"{""activated"":1625.0,""open"":1625.0,""sealed"":1675.0}",{},macbook pro 16 m 4 pro|macbook pro 16 m 4 pro 512 gb|mbp 16 m 4 pro|pro 16 m 4 pro,One of multiple 16-inch M4 Pro 512GB rows
macbook,apple,macbook_pro_16_m_4_pro_high__not_applicable,macbook pro 16 m 4 pro high,2024,macbook pro,m 4 pro,512gb,not_applicable,open,MacBook Master,1950.00,2730.00,2184.00,2402.40,"{""activated"":1950.0,""open"":1950.0,""sealed"":2050.0}",{},macbook pro 16 m 4 pro high|macbook pro 16 m 4 pro high 512 gb|mbp 16 m 4 pro high|pro 16 m 4 pro high,Higher-spec 16-inch M4 Pro 512GB row
macbook,apple,macbook_pro_16_m_5_max_36_gb__not_applicable,macbook pro 16 m 5 max 36 gb,2026,macbook pro,m 5 max,36gb,not_applicable,open,MacBook Master,2700.00,3780.00,3024.00,3326.40,"{""activated"":2700.0,""open"":2700.0,""sealed"":2790.0}",{},macbook pro 16 m 5 max 36 gb|macbook pro 16 m 5 max 36 gb 36 gb|mbp 16 m 5 max 36 gb|pro 16 m 5 max 36 gb,"M5 MAX / 18C-32C / 36GB / 2TB / 16"""
macbook,apple,macbook_pro_16_m_5_max_48_gb__not_applicable,macbook pro 16 m 5 max 48 gb,2026,macbook pro,m 5 max,48gb,not_applicable,open,MacBook Master,3060.00,4284.00,3427.20,3769.92,"{""activated"":3060.0,""open"":3060.0,""sealed"":3150.0}",{},macbook pro 16 m 5 max 48 gb|macbook pro 16 m 5 max 48 gb 48 gb|mbp 16 m 5 max 48 gb|pro 16 m 5 max 48 gb,"M5 MAX / 18C-40C / 48GB / 2TB / 16"""
macbook,apple,macbook_pro_16_m_5_pro_24_gb__not_applicable,macbook pro 16 m 5 pro 24 gb,2026,macbook pro,m 5 pro,24gb,not_applicable,open,MacBook Master,1935.00,2709.00,2167.20,2383.92,"{""activated"":1935.0,""open"":1935.0,""sealed"":1980.0}",{},macbook pro 16 m 5 pro 24 gb|macbook pro 16 m 5 pro 24 gb 24 gb|mbp 16 m 5 pro 24 gb|pro 16 m 5 pro 24 gb,"M5 PRO / 18C-20C / 24GB / 1TB / 16"""
pixel,google,google_pixel_10__carrier_locked,google pixel 10,,,,,carrier_locked,ab_grade,Pixel Master,110.00,154.00,123.20,135.52,"{""ab_grade"":110.0,""c"":60.0,""d"":20.0,""new"":210.0}","{""cracked_back"":{""kind"":""flat_usd"",""value"":30.0},""demo"":{""kind"":""flat_usd"",""value"":50.0}}",google pixel 10|google pixel 10 carrier locked|google pixel 10 locked|pixel 10,Carrier-locked Pixel sheet uses A/B grade as the default used condition.
pixel,google,google_pixel_10_pro__carrier_locked,google pixel 10 pro,,,,,carrier_locked,ab_grade,Pixel Master,135.00,189.00,151.20,166.32,"{""ab_grade"":135.0,""c"":75.0,""d"":30.0,""doa"":10.0,""new"":255.0}","{""cracked_back"":{""kind"":""flat_usd"",""value"":40.0},""demo"":{""kind"":""flat_usd"",""value"":60.0}}",10 pro|google pixel 10 pro|google pixel 10 pro carrier locked|google pixel 10 pro locked|pixel 10 pro,Carrier-locked Pixel sheet uses A/B grade as the default used condition.
pixel,google,google_pixel_10_pro__unlocked,google pixel 10 pro,,,,,unlocked,b_plus,Pixel Master,30.00,42.00,33.60,36.96,"{""a"":75.0,""b_plus"":30.0,""open"":135.0,""sealed"":255.0}","{""damage_or_demo"":{""kind"":""manual"",""reason"":""ask""}}",10 pro|google pixel 10 pro|google pixel 10 pro unlocked|pixel 10 pro,Unlocked Pixel sheet uses B+ as the default used condition.
pixel,google,google_pixel_10_pro_xl__carrier_locked,google pixel 10 pro xl,,,,,carrier_locked,ab_grade,Pixel Master,165.00,231.00,184.80,203.28,"{""ab_grade"":165.0,""c"":85.0,""d"":50.0,""doa"":20.0,""new"":285.0}","{""cracked_back"":{""kind"":""flat_usd"",""value"":40.0},""demo"":{""kind"":""flat_usd"",""value"":80.0}}",10 pro xl|google pixel 10 pro xl|google pixel 10 pro xl carrier locked|google pixel 10 pro xl locked|pixel 10 pro xl,Carrier-locked Pixel sheet uses A/B grade as the default used condition.
pixel,google,google_pixel_10_pro_xl__unlocked,google pixel 10 pro xl,,,,,unlocked,b_plus,Pixel Master,50.00,70.00,56.00,61.60,"{""a"":85.0,""b_plus"":50.0,""open"":165.0,""sealed"":285.0}","{""damage_or_demo"":{""kind"":""manual"",""reason"":""ask""}}",10 pro xl|google pixel 10 pro xl|google pixel 10 pro xl unlocked|pixel 10 pro xl,Unlocked Pixel sheet uses B+ as the default used condition.
pixel,google,google_pixel_6__carrier_locked,google pixel 6,,,,,carrier_locked,ab_grade,Pixel Master,30.00,42.00,33.60,36.96,"{""ab_grade"":30.0,""c"":20.0,""d"":10.0,""doa"":5.0,""new"":50.0}","{""cracked_back"":{""kind"":""flat_usd"",""value"":10.0},""demo"":{""kind"":""flat_usd"",""value"":10.0}}",google pixel 6|google pixel 6 carrier locked|google pixel 6 locked|pixel 6,Carrier-locked Pixel sheet uses A/B grade as the default used condition.
pixel,google,google_pixel_6_a__carrier_locked,google pixel 6 a,,,,,carrier_locked,ab_grade,Pixel Master,30.00,42.00,33.60,36.96,"{""ab_grade"":30.0,""c"":20.0,""d"":10.0,""doa"":5.0,""new"":50.0}","{""cracked_back"":{""kind"":""flat_usd"",""value"":10.0},""demo"":{""kind"":""flat_usd"",""value"":10.0}}",google pixel 6 a|google pixel 6 a carrier locked|google pixel 6 a locked|pixel 6 a,Carrier-locked Pixel sheet uses A/B grade as the default used condition.
pixel,google,google_pixel_6_a__unlocked,google pixel 6 a,,,,,unlocked,b_plus,Pixel Master,10.00,14.00,11.20,12.32,"{""a"":20.0,""b_plus"":10.0,""open"":30.0,""sealed"":50.0}","{""damage_or_demo"":{""kind"":""manual"",""reason"":""ask""}}",google pixel 6 a|google pixel 6 a unlocked|pixel 6 a,Unlocked Pixel sheet uses B+ as the default used condition.
pixel,google,google_pixel_6_pro__carrier_locked,google pixel 6 pro,,,,,carrier_locked,ab_grade,Pixel Master,40.00,56.00,44.80,49.28,"{""ab_grade"":40.0,""c"":20.0,""d"":10.0,""doa"":5.0,""new"":60.0}","{""cracked_back"":{""kind"":""flat_usd"",""value"":10.0},""demo"":{""kind"":""flat_usd"",""value"":20.0}}",6 pro|google pixel 6 pro|google pixel 6 pro carrier locked|google pixel 6 pro locked|pixel 6 pro,Carrier-locked Pixel sheet uses A/B grade as the default used condition.
pixel,google,google_pixel_6_pro__unlocked,google pixel 6 pro,,,,,unlocked,b_plus,Pixel Master,10.00,14.00,11.20,12.32,"{""a"":20.0,""b_plus"":10.0,""open"":40.0,""sealed"":60.0}","{""damage_or_demo"":{""kind"":""manual"",""reason"":""ask""}}",6 pro|google pixel 6 pro|google pixel 6 pro unlocked|pixel 6 pro,Unlocked Pixel sheet uses B+ as the default used condition.
pixel,google,google_pixel_7__carrier_locked,google pixel 7,,,,,carrier_locked,ab_grade,Pixel Master,40.00,56.00,44.80,49.28,"{""ab_grade"":40.0,""c"":20.0,""d"":10.0,""doa"":5.0,""new"":70.0}","{""cracked_back"":{""kind"":""flat_usd"",""value"":10.0},""demo"":{""kind"":""flat_usd"",""value"":20.0}}",google pixel 7|google pixel 7 carrier locked|google pixel 7 locked|pixel 7,Carrier-locked Pixel sheet uses A/B grade as the default used condition.
pixel,google,google_pixel_7_a__carrier_locked,google pixel 7 a,,,,,carrier_locked,ab_grade,Pixel Master,30.00,42.00,33.60,36.96,"{""ab_grade"":30.0,""c"":10.0,""d"":10.0,""doa"":5.0,""new"":60.0}","{""cracked_back"":{""kind"":""flat_usd"",""value"":10.0},""demo"":{""kind"":""flat_usd"",""value"":20.0}}",google pixel 7 a|google pixel 7 a carrier locked|google pixel 7 a locked|pixel 7 a,Carrier-locked Pixel sheet uses A/B grade as the default used condition.
pixel,google,google_pixel_7_a__unlocked,google pixel 7 a,,,,,unlocked,b_plus,Pixel Master,10.00,14.00,11.20,12.32,"{""a"":10.0,""b_plus"":10.0,""open"":30.0,""sealed"":60.0}","{""damage_or_demo"":{""kind"":""manual"",""reason"":""ask""}}",google pixel 7 a|google pixel 7 a unlocked|pixel 7 a,Unlocked Pixel sheet uses B+ as the default used condition.
pixel,google,google_pixel_7_pro__carrier_locked,google pixel 7 pro,,,,,carrier_locked,ab_grade,Pixel Master,40.00,56.00,44.80,49.28,"{""ab_grade"":40.0,""c"":30.0,""d"":20.0,""doa"":10.0,""new"":80.0}","{""cracked_back"":{""kind"":""flat_usd"",""value"":10.0},""demo"":{""kind"":""flat_usd"",""value"":20.0}}",7 pro|google pixel 7 pro|google pixel 7 pro carrier locked|google pixel 7 pro locked|pixel 7 pro,Carrier-locked Pixel sheet uses A/B grade as the default used condition.
pixel,google,google_pixel_7_pro__unlocked,google pixel 7 pro,,,,,unlocked,b_plus,Pixel Master,20.00,28.00,22.40,24.64,"{""a"":30.0,""b_plus"":20.0,""open"":40.0,""sealed"":80.0}","{""damage_or_demo"":{""kind"":""manual"",""reason"":""ask""}}",7 pro|google pixel 7 pro|google pixel 7 pro unlocked|pixel 7 pro,Unlocked Pixel sheet uses B+ as the default used condition.
pixel,google,google_pixel_8__carrier_locked,google pixel 8,,,,,carrier_locked,ab_grade,Pixel Master,40.00,56.00,44.80,49.28,"{""ab_grade"":40.0,""c"":20.0,""d"":15.0,""doa"":10.0,""new"":80.0}","{""cracked_back"":{""kind"":""flat_usd"",""value"":15.0},""demo"":{""kind"":""flat_usd"",""value"":25.0}}",google pixel 8|google pixel 8 carrier locked|google pixel 8 locked|pixel 8,Carrier-locked Pixel sheet uses A/B grade as the default used condition.
pixel,google,google_pixel_8_a__carrier_locked,google pixel 8 a,,,,,carrier_locked,ab_grade,Pixel Master,50.00,70.00,56.00,61.60,"{""ab_grade"":50.0,""c"":20.0,""d"":15.0,""doa"":10.0,""new"":110.0}","{""cracked_back"":{""kind"":""flat_usd"",""value"":15.0},""demo"":{""kind"":""flat_usd"",""value"":20.0}}",google pixel 8 a|google pixel 8 a carrier locked|google pixel 8 a locked|pixel 8 a,Carrier-locked Pixel sheet uses A/B grade as the default used condition.
pixel,google,google_pixel_8_a__unlocked,google pixel 8 a,,,,,unlocked,b_plus,Pixel Master,15.00,21.00,16.80,18.48,"{""a"":20.0,""b_plus"":15.0,""open"":50.0,""sealed"":110.0}","{""damage_or_demo"":{""kind"":""manual"",""reason"":""ask""}}",google pixel 8 a|google pixel 8 a unlocked|pixel 8 a,Unlocked Pixel sheet uses B+ as the default used condition.
pixel,google,google_pixel_8_fold__carrier_locked,google pixel 8 fold,,,,,carrier_locked,ab_grade,Pixel Master,80.00,112.00,89.60,98.56,"{""ab_grade"":80.0,""c"":30.0,""d"":20.0,""doa"":10.0,""new"":140.0}","{""cracked_back"":{""kind"":""flat_usd"",""value"":20.0},""demo"":{""kind"":""flat_usd"",""value"":50.0}}",8 fold|google pixel 8 fold|google pixel 8 fold carrier locked|google pixel 8 fold locked|pixel 8 fold,Carrier-locked Pixel sheet uses A/B grade as the default used condition.
pixel,google,google_pixel_8_fold__unlocked,google pixel 8 fold,,,,,unlocked,b_plus,Pixel Master,20.00,28.00,22.40,24.64,"{""a"":30.0,""b_plus"":20.0,""open"":80.0,""sealed"":140.0}","{""damage_or_demo"":{""kind"":""manual"",""reason"":""ask""}}",8 fold|google pixel 8 fold|google pixel 8 fold unlocked|pixel 8 fold,Unlocked Pixel sheet uses B+ as the default used condition.
pixel,google,google_pixel_8_pro__carrier_locked,google pixel 8 pro,,,,,carrier_locked,ab_grade,Pixel Master,90.00,126.00,100.80,110.88,"{""ab_grade"":90.0,""c"":50.0,""d"":20.0,""doa"":10.0,""new"":160.0}","{""cracked_back"":{""kind"":""flat_usd"",""value"":20.0},""demo"":{""kind"":""flat_usd"",""value"":40.0}}",8 pro|google pixel 8 pro|google pixel 8 pro carrier locked|google pixel 8 pro locked|pixel 8 pro,Carrier-locked Pixel sheet uses A/B grade as the default used condition.
pixel,google,google_pixel_8_pro__unlocked,google pixel 8 pro,,,,,unlocked,b_plus,Pixel Master,20.00,28.00,22.40,24.64,"{""a"":50.0,""b_plus"":20.0,""open"":90.0,""sealed"":160.0}","{""damage_or_demo"":{""kind"":""manual"",""reason"":""ask""}}",8 pro|google pixel 8 pro|google pixel 8 pro unlocked|pixel 8 pro,Unlocked Pixel sheet uses B+ as the default used condition.
pixel,google,google_pixel_9__carrier_locked,google pixel 9,,,,,carrier_locked,ab_grade,Pixel Master,55.00,77.00,61.60,67.76,"{""ab_grade"":55.0,""c"":15.0,""d"":10.0,""new"":135.0}","{""cracked_back"":{""kind"":""flat_usd"",""value"":20.0},""demo"":{""kind"":""flat_usd"",""value"":40.0}}",google pixel 9|google pixel 9 carrier locked|google pixel 9 locked|pixel 9,Carrier-locked Pixel sheet uses A/B grade as the default used condition.
pixel,google,google_pixel_9_a__carrier_locked,google pixel 9 a,,,,,carrier_locked,ab_grade,Pixel Master,70.00,98.00,78.40,86.24,"{""ab_grade"":70.0,""c"":50.0,""d"":20.0,""doa"":10.0,""new"":150.0}","{""cracked_back"":{""kind"":""flat_usd"",""value"":20.0},""demo"":{""kind"":""flat_usd"",""value"":40.0}}",google pixel 9 a|google pixel 9 a carrier locked|google pixel 9 a locked|pixel 9 a,Carrier-locked Pixel sheet uses A/B grade as the default used condition.
pixel,google,google_pixel_9_a__unlocked,google pixel 9 a,,,,,unlocked,b_plus,Pixel Master,20.00,28.00,22.40,24.64,"{""a"":50.0,""b_plus"":20.0,""open"":70.0,""sealed"":150.0}","{""damage_or_demo"":{""kind"":""manual"",""reason"":""ask""}}",google pixel 9 a|google pixel 9 a unlocked|pixel 9 a,Unlocked Pixel sheet uses B+ as the default used condition.
pixel,google,google_pixel_9_fold__carrier_locked,google pixel 9 fold,,,,,carrier_locked,ab_grade,Pixel Master,190.00,266.00,212.80,234.08,"{""ab_grade"":190.0,""c"":110.0,""doa"":10.0,""new"":310.0}","{""cracked_back"":{""kind"":""flat_usd"",""value"":40.0},""demo"":{""kind"":""flat_usd"",""value"":100.0}}",9 fold|google pixel 9 fold|google pixel 9 fold carrier locked|google pixel 9 fold locked|pixel 9 fold,Carrier-locked Pixel sheet uses A/B grade as the default used condition.
pixel,google,google_pixel_9_fold__unlocked,google pixel 9 fold,,,,,unlocked,a,Pixel Master,110.00,154.00,123.20,135.52,"{""a"":110.0,""open"":190.0,""sealed"":310.0}","{""damage_or_demo"":{""kind"":""manual"",""reason"":""ask""}}",9 fold|google pixel 9 fold|google pixel 9 fold unlocked|pixel 9 fold,Unlocked Pixel sheet uses B+ as the default used condition.
pixel,google,google_pixel_9_pro__carrier_locked,google pixel 9 pro,,,,,carrier_locked,ab_grade,Pixel Master,105.00,147.00,117.60,129.36,"{""ab_grade"":105.0,""c"":35.0,""d"":10.0,""new"":195.0}","{""cracked_back"":{""kind"":""flat_usd"",""value"":20.0},""demo"":{""kind"":""flat_usd"",""value"":50.0}}",9 pro|google pixel 9 pro|google pixel 9 pro carrier locked|google pixel 9 pro locked|pixel 9 pro,Carrier-locked Pixel sheet uses A/B grade as the default used condition.
pixel,google,google_pixel_9_pro__unlocked,google pixel 9 pro,,,,,unlocked,b_plus,Pixel Master,10.00,14.00,11.20,12.32,"{""a"":35.0,""b_plus"":10.0,""open"":105.0,""sealed"":195.0}","{""damage_or_demo"":{""kind"":""manual"",""reason"":""ask""}}",9 pro|google pixel 9 pro|google pixel 9 pro unlocked|pixel 9 pro,Unlocked Pixel sheet uses B+ as the default used condition.
pixel,google,google_pixel_9_pro_xl__carrier_locked,google pixel 9 pro xl,,,,,carrier_locked,ab_grade,Pixel Master,130.00,182.00,145.60,160.16,"{""ab_grade"":130.0,""c"":60.0,""doa"":10.0,""new"":240.0}","{""cracked_back"":{""kind"":""flat_usd"",""value"":30.0},""demo"":{""kind"":""flat_usd"",""value"":60.0}}",9 pro xl|google pixel 9 pro xl|google pixel 9 pro xl carrier locked|google pixel 9 pro xl locked|pixel 9 pro xl,Carrier-locked Pixel sheet uses A/B grade as the default used condition.
pixel,google,google_pixel_9_pro_xl__unlocked,google pixel 9 pro xl,,,,,unlocked,a,Pixel Master,60.00,84.00,67.20,73.92,"{""a"":60.0,""open"":130.0,""sealed"":240.0}","{""damage_or_demo"":{""kind"":""manual"",""reason"":""ask""}}",9 pro xl|google pixel 9 pro xl|google pixel 9 pro xl unlocked|pixel 9 pro xl,Unlocked Pixel sheet uses B+ as the default used condition.
pixel,google,google_pixel_fold_new_2023_5_g__unlocked,google pixel fold new 2023 5 g,,,,,unlocked,b_plus,Pixel Master,280.00,392.00,313.60,344.96,"{""a"":280.0,""b_plus"":280.0,""open"":360.0,""sealed"":360.0}","{""damage_or_demo"":{""kind"":""manual"",""reason"":""ask""}}",fold new 2023 5 g|google pixel fold new 2023 5 g|google pixel fold new 2023 5 g unlocked|pixel fold new 2023 5 g,Unlocked Pixel sheet uses B+ as the default used condition.
samsung,samsung,galaxy_note_10__carrier_locked,galaxy note 10,,,,,carrier_locked,b,Samsung Master,40.00,56.00,44.80,49.28,"{""a"":50.0,""b"":40.0,""c"":20.0,""d"":5.0,""doa"":1.5}","{""google_locked"":{""kind"":""flat_usd"",""value"":50.0},""kg_active"":{""kind"":""manual"",""reason"":""parts""},""lcd_burn"":{""kind"":""manual"",""reason"":""ask""},""missing_parts"":{""kind"":""manual"",""reason"":""ask""}}",galaxy note 10|galaxy note 10 carrier locked|galaxy note 10 locked|note 10,Samsung sheet uses condition columns with some ASK / not buying gaps. | Missing Stylus - $25 off
samsung,samsung,galaxy_note_10__unlocked,galaxy note 10,,,,,unlocked,b,Samsung Master,50.00,70.00,56.00,61.60,"{""a"":75.0,""b"":50.0,""c"":20.0,""d"":15.0,""doa"":1.5,""new"":100.0}","{""google_locked"":{""kind"":""flat_usd"",""value"":50.0},""kg_active"":{""kind"":""manual"",""reason"":""parts""},""lcd_burn"":{""kind"":""manual"",""reason"":""ask""},""missing_parts"":{""kind"":""manual"",""reason"":""ask""}}",galaxy note 10|galaxy note 10 unlocked|note 10,Samsung sheet uses condition columns with some ASK / not buying gaps. | Missing Stylus - $25 off
samsung,samsung,galaxy_note_10_plus__carrier_locked,galaxy note 10 plus,,,,,carrier_locked,b,Samsung Master,55.00,77.00,61.60,67.76,"{""a"":65.0,""b"":55.0,""c"":30.0,""d"":5.0,""doa"":2.5}","{""google_locked"":{""kind"":""flat_usd"",""value"":50.0},""kg_active"":{""kind"":""manual"",""reason"":""parts""},""lcd_burn"":{""kind"":""manual"",""reason"":""ask""},""missing_parts"":{""kind"":""manual"",""reason"":""ask""}}",galaxy note 10 plus|galaxy note 10 plus carrier locked|galaxy note 10 plus locked|note 10 plus,Samsung sheet uses condition columns with some ASK / not buying gaps. | Missing Stylus - $25 off
samsung,samsung,galaxy_note_10_plus__unlocked,galaxy note 10 plus,,,,,unlocked,b,Samsung Master,90.00,126.00,100.80,110.88,"{""a"":100.0,""b"":90.0,""c"":35.0,""d"":15.0,""doa"":2.5,""new"":150.0}","{""google_locked"":{""kind"":""flat_usd"",""value"":50.0},""kg_active"":{""kind"":""manual"",""reason"":""parts""},""lcd_burn"":{""kind"":""manual"",""reason"":""ask""},""missing_parts"":{""kind"":""manual"",""reason"":""ask""}}",galaxy note 10 plus|galaxy note 10 plus unlocked|note 10 plus,Samsung sheet uses condition columns with some ASK / not buying gaps. | Missing Stylus - $25 off
samsung,samsung,galaxy_note_20__carrier_locked,galaxy note 20,,,,,carrier_locked,b,Samsung Master,35.00,49.00,39.20,43.12,"{""a"":45.0,""b"":35.0,""c"":15.0,""d"":10.0,""doa"":3.75}","{""google_locked"":{""kind"":""flat_usd"",""value"":50.0},""kg_active"":{""kind"":""manual"",""reason"":""parts""},""lcd_burn"":{""kind"":""manual"",""reason"":""ask""},""missing_parts"":{""kind"":""manual"",""reason"":""ask""}}",galaxy note 20|galaxy note 20 carrier locked|galaxy note 20 locked|note 20,Samsung sheet uses condition columns with some ASK / not buying gaps. | Missing Stylus -35
samsung,samsung,galaxy_note_20__unlocked,galaxy note 20,,,,,unlocked,b,Samsung Master,60.00,84.00,67.20,73.92,"{""a"":70.0,""b"":60.0,""c"":30.0,""d"":15.0,""doa"":3.75,""new"":120.0}","{""google_locked"":{""kind"":""flat_usd"",""value"":50.0},""kg_active"":{""kind"":""manual"",""reason"":""parts""},""lcd_burn"":{""kind"":""manual"",""reason"":""ask""},""missing_parts"":{""kind"":""manual"",""reason"":""ask""}}",galaxy note 20|galaxy note 20 unlocked|note 20,Samsung sheet uses condition columns with some ASK / not buying gaps. | Missing Stylus -35
samsung,samsung,galaxy_note_20_ultra__carrier_locked,galaxy note 20 ultra,,,,,carrier_locked,b,Samsung Master,80.00,112.00,89.60,98.56,"{""a"":100.0,""b"":80.0,""c"":45.0,""d"":15.0,""doa"":6.25}","{""google_locked"":{""kind"":""flat_usd"",""value"":50.0},""kg_active"":{""kind"":""manual"",""reason"":""parts""},""lcd_burn"":{""kind"":""manual"",""reason"":""ask""},""missing_parts"":{""kind"":""manual"",""reason"":""ask""}}",galaxy note 20 ultra|galaxy note 20 ultra carrier locked|galaxy note 20 ultra locked|note 20 ultra,Samsung sheet uses condition columns with some ASK / not buying gaps. | Missing Stylus -35
samsung,samsung,galaxy_note_20_ultra__unlocked,galaxy note 20 ultra,,,,,unlocked,b,Samsung Master,140.00,196.00,156.80,172.48,"{""a"":150.0,""b"":140.0,""c"":55.0,""d"":35.0,""doa"":6.25,""new"":200.0}","{""google_locked"":{""kind"":""flat_usd"",""value"":50.0},""kg_active"":{""kind"":""manual"",""reason"":""parts""},""lcd_burn"":{""kind"":""manual"",""reason"":""ask""},""missing_parts"":{""kind"":""manual"",""reason"":""ask""}}",galaxy note 20 ultra|galaxy note 20 ultra unlocked|note 20 ultra,Samsung sheet uses condition columns with some ASK / not buying gaps. | Missing Stylus -35
samsung,samsung,galaxy_s_10__carrier_locked,galaxy s 10,,,,,carrier_locked,b,Samsung Master,50.00,70.00,56.00,61.60,"{""a"":50.0,""b"":50.0,""c"":20.0,""d"":5.0,""doa"":3.25}","{""google_locked"":{""kind"":""flat_usd"",""value"":50.0},""kg_active"":{""kind"":""manual"",""reason"":""parts""},""lcd_burn"":{""kind"":""manual"",""reason"":""ask""},""missing_parts"":{""kind"":""manual"",""reason"":""ask""}}",galaxy s 10|galaxy s 10 carrier locked|galaxy s 10 locked,Samsung sheet uses condition columns with some ASK / not buying gaps.
samsung,samsung,galaxy_s_10__unlocked,galaxy s 10,,,,,unlocked,b,Samsung Master,40.00,56.00,44.80,49.28,"{""a"":50.0,""b"":40.0,""c"":20.0,""d"":15.0,""doa"":3.25,""new"":75.0}","{""google_locked"":{""kind"":""flat_usd"",""value"":50.0},""kg_active"":{""kind"":""manual"",""reason"":""parts""},""lcd_burn"":{""kind"":""manual"",""reason"":""ask""},""missing_parts"":{""kind"":""manual"",""reason"":""ask""}}",galaxy s 10|galaxy s 10 unlocked,Samsung sheet uses condition columns with some ASK / not buying gaps.
samsung,samsung,galaxy_s_10_plus__carrier_locked,galaxy s 10 plus,,,,,carrier_locked,b,Samsung Master,65.00,91.00,72.80,80.08,"{""a"":65.0,""b"":65.0,""c"":25.0,""d"":10.0,""doa"":4.5}","{""google_locked"":{""kind"":""flat_usd"",""value"":50.0},""kg_active"":{""kind"":""manual"",""reason"":""parts""},""lcd_burn"":{""kind"":""manual"",""reason"":""ask""},""missing_parts"":{""kind"":""manual"",""reason"":""ask""}}",galaxy s 10 plus|galaxy s 10 plus carrier locked|galaxy s 10 plus locked|s 10 plus,Samsung sheet uses condition columns with some ASK / not buying gaps.
samsung,samsung,galaxy_s_10_plus__unlocked,galaxy s 10 plus,,,,,unlocked,b,Samsung Master,50.00,70.00,56.00,61.60,"{""a"":70.0,""b"":50.0,""c"":30.0,""d"":15.0,""doa"":4.5,""new"":100.0}","{""google_locked"":{""kind"":""flat_usd"",""value"":50.0},""kg_active"":{""kind"":""manual"",""reason"":""parts""},""lcd_burn"":{""kind"":""manual"",""reason"":""ask""},""missing_parts"":{""kind"":""manual"",""reason"":""ask""}}",galaxy s 10 plus|galaxy s 10 plus unlocked|s 10 plus,Samsung sheet uses condition columns with some ASK / not buying gaps.
samsung,samsung,galaxy_s_20__carrier_locked,galaxy s 20,,,,,carrier_locked,b,Samsung Master,30.00,42.00,33.60,36.96,"{""a"":30.0,""b"":30.0,""c"":15.0,""d"":5.0,""doa"":2.5}","{""google_locked"":{""kind"":""flat_usd"",""value"":50.0},""kg_active"":{""kind"":""manual"",""reason"":""parts""},""lcd_burn"":{""kind"":""manual"",""reason"":""ask""},""missing_parts"":{""kind"":""manual"",""reason"":""ask""}}",galaxy s 20|galaxy s 20 carrier locked|galaxy s 20 locked,Samsung sheet uses condition columns with some ASK / not buying gaps.
samsung,samsung,galaxy_s_20__unlocked,galaxy s 20,,,,,unlocked,b,Samsung Master,40.00,56.00,44.80,49.28,"{""a"":50.0,""b"":40.0,""c"":20.0,""d"":5.0,""doa"":2.5,""new"":85.0}","{""google_locked"":{""kind"":""flat_usd"",""value"":50.0},""kg_active"":{""kind"":""manual"",""reason"":""parts""},""lcd_burn"":{""kind"":""manual"",""reason"":""ask""},""missing_parts"":{""kind"":""manual"",""reason"":""ask""}}",galaxy s 20|galaxy s 20 unlocked,Samsung sheet uses condition columns with some ASK / not buying gaps.
samsung,samsung,galaxy_s_20_plus__carrier_locked,galaxy s 20 plus,,,,,carrier_locked,b,Samsung Master,40.00,56.00,44.80,49.28,"{""a"":40.0,""b"":40.0,""c"":20.0,""d"":10.0,""doa"":4.0}","{""google_locked"":{""kind"":""flat_usd"",""value"":50.0},""kg_active"":{""kind"":""manual"",""reason"":""parts""},""lcd_burn"":{""kind"":""manual"",""reason"":""ask""},""missing_parts"":{""kind"":""manual"",""reason"":""ask""}}",galaxy s 20 plus|galaxy s 20 plus carrier locked|galaxy s 20 plus locked|s 20 plus,Samsung sheet uses condition columns with some ASK / not buying gaps.
samsung,samsung,galaxy_s_20_plus__unlocked,galaxy s 20 plus,,,,,unlocked,b,Samsung Master,80.00,112.00,89.60,98.56,"{""a"":90.0,""b"":80.0,""c"":35.0,""d"":20.0,""doa"":4.0,""new"":130.0}","{""google_locked"":{""kind"":""flat_usd"",""value"":50.0},""kg_active"":{""kind"":""manual"",""reason"":""parts""},""lcd_burn"":{""kind"":""manual"",""reason"":""ask""},""missing_parts"":{""kind"":""manual"",""reason"":""ask""}}",galaxy s 20 plus|galaxy s 20 plus unlocked|s 20 plus,Samsung sheet uses condition columns with some ASK / not buying gaps.
samsung,samsung,galaxy_s_20_ultra__carrier_locked,galaxy s 20 ultra,,,,,carrier_locked,b,Samsung Master,60.00,84.00,67.20,73.92,"{""a"":60.0,""b"":60.0,""c"":40.0,""d"":15.0,""doa"":6.5}","{""google_locked"":{""kind"":""flat_usd"",""value"":50.0},""kg_active"":{""kind"":""manual"",""reason"":""parts""},""lcd_burn"":{""kind"":""manual"",""reason"":""ask""},""missing_parts"":{""kind"":""manual"",""reason"":""ask""}}",galaxy s 20 ultra|galaxy s 20 ultra carrier locked|galaxy s 20 ultra locked|s 20 ultra,Samsung sheet uses condition columns with some ASK / not buying gaps.
samsung,samsung,galaxy_s_20_ultra__unlocked,galaxy s 20 ultra,,,,,unlocked,b,Samsung Master,80.00,112.00,89.60,98.56,"{""a"":90.0,""b"":80.0,""c"":50.0,""d"":15.0,""doa"":6.5,""new"":140.0}","{""google_locked"":{""kind"":""flat_usd"",""value"":50.0},""kg_active"":{""kind"":""manual"",""reason"":""parts""},""lcd_burn"":{""kind"":""manual"",""reason"":""ask""},""missing_parts"":{""kind"":""manual"",""reason"":""ask""}}",galaxy s 20 ultra|galaxy s 20 ultra unlocked|s 20 ultra,Samsung sheet uses condition columns with some ASK / not buying gaps.
samsung,samsung,galaxy_s_21__carrier_locked,galaxy s 21,,,,,carrier_locked,b,Samsung Master,30.00,42.00,33.60,36.96,"{""a"":40.0,""b"":30.0,""c"":20.0,""d"":10.0,""doa"":4.5}","{""google_locked"":{""kind"":""flat_usd"",""value"":50.0},""kg_active"":{""kind"":""manual"",""reason"":""parts""},""lcd_burn"":{""kind"":""manual"",""reason"":""ask""},""missing_parts"":{""kind"":""manual"",""reason"":""ask""}}",galaxy s 21|galaxy s 21 carrier locked|galaxy s 21 locked,Samsung sheet uses condition columns with some ASK / not buying gaps.
samsung,samsung,galaxy_s_21__unlocked,galaxy s 21,,,,,unlocked,b,Samsung Master,55.00,77.00,61.60,67.76,"{""a"":60.0,""b"":55.0,""c"":30.0,""d"":20.0,""doa"":4.5,""new"":100.0}","{""google_locked"":{""kind"":""flat_usd"",""value"":50.0},""kg_active"":{""kind"":""manual"",""reason"":""parts""},""lcd_burn"":{""kind"":""manual"",""reason"":""ask""},""missing_parts"":{""kind"":""manual"",""reason"":""ask""}}",galaxy s 21|galaxy s 21 unlocked,Samsung sheet uses condition columns with some ASK / not buying gaps.
samsung,samsung,galaxy_s_21_plus__carrier_locked,galaxy s 21 plus,,,,,carrier_locked,b,Samsung Master,40.00,56.00,44.80,49.28,"{""a"":50.0,""b"":40.0,""c"":25.0,""d"":15.0,""doa"":7.0}","{""google_locked"":{""kind"":""flat_usd"",""value"":50.0},""kg_active"":{""kind"":""manual"",""reason"":""parts""},""lcd_burn"":{""kind"":""manual"",""reason"":""ask""},""missing_parts"":{""kind"":""manual"",""reason"":""ask""}}",galaxy s 21 plus|galaxy s 21 plus carrier locked|galaxy s 21 plus locked|s 21 plus,Samsung sheet uses condition columns with some ASK / not buying gaps.
samsung,samsung,galaxy_s_21_plus__unlocked,galaxy s 21 plus,,,,,unlocked,b,Samsung Master,75.00,105.00,84.00,92.40,"{""a"":85.0,""b"":75.0,""c"":35.0,""d"":20.0,""doa"":7.0,""new"":125.0}","{""google_locked"":{""kind"":""flat_usd"",""value"":50.0},""kg_active"":{""kind"":""manual"",""reason"":""parts""},""lcd_burn"":{""kind"":""manual"",""reason"":""ask""},""missing_parts"":{""kind"":""manual"",""reason"":""ask""}}",galaxy s 21 plus|galaxy s 21 plus unlocked|s 21 plus,Samsung sheet uses condition columns with some ASK / not buying gaps.
samsung,samsung,galaxy_s_21_ultra__carrier_locked,galaxy s 21 ultra,,,,,carrier_locked,b,Samsung Master,90.00,126.00,100.80,110.88,"{""a"":115.0,""b"":90.0,""c"":50.0,""d"":25.0,""doa"":12.0}","{""google_locked"":{""kind"":""flat_usd"",""value"":50.0},""kg_active"":{""kind"":""manual"",""reason"":""parts""},""lcd_burn"":{""kind"":""manual"",""reason"":""ask""},""missing_parts"":{""kind"":""manual"",""reason"":""ask""}}",galaxy s 21 ultra|galaxy s 21 ultra carrier locked|galaxy s 21 ultra locked|s 21 ultra,Samsung sheet uses condition columns with some ASK / not buying gaps.
samsung,samsung,galaxy_s_21_ultra__unlocked,galaxy s 21 ultra,,,,,unlocked,b,Samsung Master,140.00,196.00,156.80,172.48,"{""a"":150.0,""b"":140.0,""c"":75.0,""d"":40.0,""doa"":12.0,""new"":190.0}","{""google_locked"":{""kind"":""flat_usd"",""value"":50.0},""kg_active"":{""kind"":""manual"",""reason"":""parts""},""lcd_burn"":{""kind"":""manual"",""reason"":""ask""},""missing_parts"":{""kind"":""manual"",""reason"":""ask""}}",galaxy s 21 ultra|galaxy s 21 ultra unlocked|s 21 ultra,Samsung sheet uses condition columns with some ASK / not buying gaps.
samsung,samsung,galaxy_s_22__carrier_locked,galaxy s 22,,,,,carrier_locked,b,Samsung Master,45.00,63.00,50.40,55.44,"{""a"":70.0,""b"":45.0,""c"":30.0,""d"":10.0,""doa"":4.0}","{""google_locked"":{""kind"":""flat_usd"",""value"":50.0},""kg_active"":{""kind"":""manual"",""reason"":""parts""},""lcd_burn"":{""kind"":""manual"",""reason"":""ask""},""missing_parts"":{""kind"":""manual"",""reason"":""ask""}}",galaxy s 22|galaxy s 22 carrier locked|galaxy s 22 locked,Samsung sheet uses condition columns with some ASK / not buying gaps.
samsung,samsung,galaxy_s_22__unlocked,galaxy s 22,,,,,unlocked,b,Samsung Master,80.00,112.00,89.60,98.56,"{""a"":90.0,""b"":80.0,""c"":45.0,""d"":20.0,""doa"":4.0,""new"":130.0}","{""google_locked"":{""kind"":""flat_usd"",""value"":50.0},""kg_active"":{""kind"":""manual"",""reason"":""parts""},""lcd_burn"":{""kind"":""manual"",""reason"":""ask""},""missing_parts"":{""kind"":""manual"",""reason"":""ask""}}",galaxy s 22|galaxy s 22 unlocked,Samsung sheet uses condition columns with some ASK / not buying gaps.
samsung,samsung,galaxy_s_22_plus__carrier_locked,galaxy s 22 plus,,,,,carrier_locked,b,Samsung Master,45.00,63.00,50.40,55.44,"{""a"":70.0,""b"":45.0,""c"":25.0,""d"":15.0,""doa"":6.5}","{""google_locked"":{""kind"":""flat_usd"",""value"":50.0},""kg_active"":{""kind"":""manual"",""reason"":""parts""},""lcd_burn"":{""kind"":""manual"",""reason"":""ask""},""missing_parts"":{""kind"":""manual"",""reason"":""ask""}}",galaxy s 22 plus|galaxy s 22 plus carrier locked|galaxy s 22 plus locked|s 22 plus,Samsung sheet uses condition columns with some ASK / not buying gaps.
samsung,samsung,galaxy_s_22_plus__unlocked,galaxy s 22 plus,,,,,unlocked,b,Samsung Master,120.00,168.00,134.40,147.84,"{""a"":125.0,""b"":120.0,""c"":40.0,""d"":35.0,""doa"":6.5,""new"":175.0}","{""google_locked"":{""kind"":""flat_usd"",""value"":50.0},""kg_active"":{""kind"":""manual"",""reason"":""parts""},""lcd_burn"":{""kind"":""manual"",""reason"":""ask""},""missing_parts"":{""kind"":""manual"",""reason"":""ask""}}",galaxy s 22 plus|galaxy s 22 plus unlocked|s 22 plus,Samsung sheet uses condition columns with some ASK / not buying gaps.
samsung,samsung,galaxy_s_22_ultra__carrier_locked,galaxy s 22 ultra,,,,,carrier_locked,b,Samsung Master,130.00,182.00,145.60,160.16,"{""a"":150.0,""b"":130.0,""c"":80.0,""d"":25.0,""doa"":11.5}","{""google_locked"":{""kind"":""flat_usd"",""value"":50.0},""kg_active"":{""kind"":""manual"",""reason"":""parts""},""lcd_burn"":{""kind"":""manual"",""reason"":""ask""},""missing_parts"":{""kind"":""manual"",""reason"":""ask""}}",galaxy s 22 ultra|galaxy s 22 ultra carrier locked|galaxy s 22 ultra locked|s 22 ultra,Samsung sheet uses condition columns with some ASK / not buying gaps.
samsung,samsung,galaxy_s_22_ultra__unlocked,galaxy s 22 ultra,,,,,unlocked,b,Samsung Master,190.00,266.00,212.80,234.08,"{""a"":200.0,""b"":190.0,""c"":105.0,""d"":40.0,""doa"":11.5,""new"":260.0}","{""google_locked"":{""kind"":""flat_usd"",""value"":50.0},""kg_active"":{""kind"":""manual"",""reason"":""parts""},""lcd_burn"":{""kind"":""manual"",""reason"":""ask""},""missing_parts"":{""kind"":""manual"",""reason"":""ask""}}",galaxy s 22 ultra|galaxy s 22 ultra unlocked|s 22 ultra,Samsung sheet uses condition columns with some ASK / not buying gaps.
samsung,samsung,galaxy_s_23__carrier_locked,galaxy s 23,,,,,carrier_locked,b,Samsung Master,85.00,119.00,95.20,104.72,"{""a"":95.0,""b"":85.0,""c"":40.0,""d"":25.0,""doa"":11.5}","{""google_locked"":{""kind"":""flat_usd"",""value"":50.0},""kg_active"":{""kind"":""manual"",""reason"":""parts""},""lcd_burn"":{""kind"":""manual"",""reason"":""ask""},""missing_parts"":{""kind"":""manual"",""reason"":""ask""}}",galaxy s 23|galaxy s 23 carrier locked|galaxy s 23 locked,Samsung sheet uses condition columns with some ASK / not buying gaps.
samsung,samsung,galaxy_s_23__unlocked,galaxy s 23,,,,,unlocked,b,Samsung Master,140.00,196.00,156.80,172.48,"{""a"":150.0,""b"":140.0,""c"":65.0,""d"":40.0,""doa"":11.5,""new"":200.0}","{""google_locked"":{""kind"":""flat_usd"",""value"":50.0},""kg_active"":{""kind"":""manual"",""reason"":""parts""},""lcd_burn"":{""kind"":""manual"",""reason"":""ask""},""missing_parts"":{""kind"":""manual"",""reason"":""ask""}}",galaxy s 23|galaxy s 23 unlocked,Samsung sheet uses condition columns with some ASK / not buying gaps.
samsung,samsung,galaxy_s_23_plus__carrier_locked,galaxy s 23 plus,,,,,carrier_locked,b,Samsung Master,115.00,161.00,128.80,141.68,"{""a"":135.0,""b"":115.0,""c"":65.0,""d"":35.0,""doa"":16.5}","{""google_locked"":{""kind"":""flat_usd"",""value"":50.0},""kg_active"":{""kind"":""manual"",""reason"":""parts""},""lcd_burn"":{""kind"":""manual"",""reason"":""ask""},""missing_parts"":{""kind"":""manual"",""reason"":""ask""}}",galaxy s 23 plus|galaxy s 23 plus carrier locked|galaxy s 23 plus locked|s 23 plus,Samsung sheet uses condition columns with some ASK / not buying gaps.
samsung,samsung,galaxy_s_23_plus__unlocked,galaxy s 23 plus,,,,,unlocked,b,Samsung Master,200.00,280.00,224.00,246.40,"{""a"":220.0,""b"":200.0,""c"":140.0,""d"":50.0,""doa"":16.5,""new"":270.0}","{""google_locked"":{""kind"":""flat_usd"",""value"":50.0},""kg_active"":{""kind"":""manual"",""reason"":""parts""},""lcd_burn"":{""kind"":""manual"",""reason"":""ask""},""missing_parts"":{""kind"":""manual"",""reason"":""ask""}}",galaxy s 23 plus|galaxy s 23 plus unlocked|s 23 plus,Samsung sheet uses condition columns with some ASK / not buying gaps.
samsung,samsung,galaxy_s_23_ultra__carrier_locked,galaxy s 23 ultra,,,,,carrier_locked,b,Samsung Master,185.00,259.00,207.20,227.92,"{""a"":230.0,""b"":185.0,""c"":135.0,""d"":60.0,""doa"":24.0}","{""google_locked"":{""kind"":""flat_usd"",""value"":50.0},""kg_active"":{""kind"":""manual"",""reason"":""parts""},""lcd_burn"":{""kind"":""manual"",""reason"":""ask""},""missing_parts"":{""kind"":""manual"",""reason"":""ask""}}",galaxy s 23 ultra|galaxy s 23 ultra carrier locked|galaxy s 23 ultra locked|s 23 ultra,Samsung sheet uses condition columns with some ASK / not buying gaps.
samsung,samsung,galaxy_s_23_ultra__unlocked,galaxy s 23 ultra,,,,,unlocked,b,Samsung Master,340.00,476.00,380.80,418.88,"{""a"":350.0,""b"":340.0,""c"":145.0,""d"":70.0,""doa"":24.0,""new"":400.0}","{""google_locked"":{""kind"":""flat_usd"",""value"":50.0},""kg_active"":{""kind"":""manual"",""reason"":""parts""},""lcd_burn"":{""kind"":""manual"",""reason"":""ask""},""missing_parts"":{""kind"":""manual"",""reason"":""ask""}}",galaxy s 23 ultra|galaxy s 23 ultra unlocked|s 23 ultra,Samsung sheet uses condition columns with some ASK / not buying gaps.
samsung,samsung,galaxy_s_24__carrier_locked,galaxy s 24,,,,,carrier_locked,b,Samsung Master,100.00,140.00,112.00,123.20,"{""a"":110.0,""b"":100.0,""c"":70.0,""d"":30.0,""doa"":14.5,""new"":140.0}","{""google_locked"":{""kind"":""flat_usd"",""value"":50.0},""kg_active"":{""kind"":""manual"",""reason"":""parts""},""lcd_burn"":{""kind"":""manual"",""reason"":""ask""},""missing_parts"":{""kind"":""manual"",""reason"":""ask""}}",galaxy s 24|galaxy s 24 carrier locked|galaxy s 24 locked,Samsung sheet uses condition columns with some ASK / not buying gaps.
samsung,samsung,galaxy_s_24__unlocked,galaxy s 24,,,,,unlocked,b,Samsung Master,190.00,266.00,212.80,234.08,"{""a"":200.0,""b"":190.0,""c"":90.0,""d"":45.0,""doa"":14.5,""new"":250.0}","{""google_locked"":{""kind"":""flat_usd"",""value"":50.0},""kg_active"":{""kind"":""manual"",""reason"":""parts""},""lcd_burn"":{""kind"":""manual"",""reason"":""ask""},""missing_parts"":{""kind"":""manual"",""reason"":""ask""}}",galaxy s 24|galaxy s 24 unlocked,Samsung sheet uses condition columns with some ASK / not buying gaps.
samsung,samsung,galaxy_s_24_plus__carrier_locked,galaxy s 24 plus,,,,,carrier_locked,b,Samsung Master,170.00,238.00,190.40,209.44,"{""a"":180.0,""b"":170.0,""c"":130.0,""d"":90.0,""doa"":19.5,""new"":210.0}","{""google_locked"":{""kind"":""flat_usd"",""value"":50.0},""kg_active"":{""kind"":""manual"",""reason"":""parts""},""lcd_burn"":{""kind"":""manual"",""reason"":""ask""},""missing_parts"":{""kind"":""manual"",""reason"":""ask""}}",galaxy s 24 plus|galaxy s 24 plus carrier locked|galaxy s 24 plus locked|s 24 plus,Samsung sheet uses condition columns with some ASK / not buying gaps.
samsung,samsung,galaxy_s_24_plus__unlocked,galaxy s 24 plus,,,,,unlocked,b,Samsung Master,240.00,336.00,268.80,295.68,"{""a"":260.0,""b"":240.0,""c"":175.0,""d"":90.0,""doa"":19.5,""new"":320.0}","{""google_locked"":{""kind"":""flat_usd"",""value"":50.0},""kg_active"":{""kind"":""manual"",""reason"":""parts""},""lcd_burn"":{""kind"":""manual"",""reason"":""ask""},""missing_parts"":{""kind"":""manual"",""reason"":""ask""}}",galaxy s 24 plus|galaxy s 24 plus unlocked|s 24 plus,Samsung sheet uses condition columns with some ASK / not buying gaps.
samsung,samsung,galaxy_s_24_ultra__carrier_locked,galaxy s 24 ultra,,,,,carrier_locked,b,Samsung Master,285.00,399.00,319.20,351.12,"{""a"":305.0,""b"":285.0,""c"":220.0,""d"":140.0,""doa"":68.0,""new"":330.0}","{""google_locked"":{""kind"":""flat_usd"",""value"":50.0},""kg_active"":{""kind"":""manual"",""reason"":""parts""},""lcd_burn"":{""kind"":""manual"",""reason"":""ask""},""missing_parts"":{""kind"":""manual"",""reason"":""ask""}}",galaxy s 24 ultra|galaxy s 24 ultra carrier locked|galaxy s 24 ultra locked|s 24 ultra,Samsung sheet uses condition columns with some ASK / not buying gaps.
samsung,samsung,galaxy_s_24_ultra__unlocked,galaxy s 24 ultra,,,,,unlocked,b,Samsung Master,475.00,665.00,532.00,585.20,"{""a"":490.0,""b"":475.0,""c"":215.0,""d"":140.0,""doa"":68.0,""new"":560.0}","{""google_locked"":{""kind"":""flat_usd"",""value"":50.0},""kg_active"":{""kind"":""manual"",""reason"":""parts""},""lcd_burn"":{""kind"":""manual"",""reason"":""ask""},""missing_parts"":{""kind"":""manual"",""reason"":""ask""}}",galaxy s 24 ultra|galaxy s 24 ultra unlocked|s 24 ultra,Samsung sheet uses condition columns with some ASK / not buying gaps.
samsung,samsung,galaxy_s_25__carrier_locked,galaxy s 25,,,,,carrier_locked,b,Samsung Master,160.00,224.00,179.20,197.12,"{""a"":175.0,""b"":160.0,""c"":110.0,""d"":80.0,""doa"":44.0,""new"":185.0}","{""google_locked"":{""kind"":""flat_usd"",""value"":50.0},""kg_active"":{""kind"":""manual"",""reason"":""parts""},""lcd_burn"":{""kind"":""manual"",""reason"":""ask""},""missing_parts"":{""kind"":""manual"",""reason"":""ask""}}",galaxy s 25|galaxy s 25 carrier locked|galaxy s 25 locked,Samsung sheet uses condition columns with some ASK / not buying gaps.
samsung,samsung,galaxy_s_25__unlocked,galaxy s 25,,,,,unlocked,c,Samsung Master,110.00,154.00,123.20,135.52,"{""c"":110.0,""d"":75.0,""doa"":99.0}","{""google_locked"":{""kind"":""flat_usd"",""value"":50.0},""kg_active"":{""kind"":""manual"",""reason"":""parts""},""lcd_burn"":{""kind"":""manual"",""reason"":""ask""},""missing_parts"":{""kind"":""manual"",""reason"":""ask""}}",galaxy s 25|galaxy s 25 unlocked,Samsung sheet uses condition columns with some ASK / not buying gaps.
samsung,samsung,galaxy_s_25_edge__carrier_locked,galaxy s 25 edge,,,,,carrier_locked,b,Samsung Master,120.00,168.00,134.40,147.84,"{""a"":150.0,""b"":120.0,""c"":75.0,""d"":40.0,""doa"":9.0,""new"":200.0}","{""google_locked"":{""kind"":""flat_usd"",""value"":50.0},""kg_active"":{""kind"":""manual"",""reason"":""parts""},""lcd_burn"":{""kind"":""manual"",""reason"":""ask""},""missing_parts"":{""kind"":""manual"",""reason"":""ask""}}",galaxy s 25 edge|galaxy s 25 edge carrier locked|galaxy s 25 edge locked|s 25 edge,Samsung sheet uses condition columns with some ASK / not buying gaps.
samsung,samsung,galaxy_s_25_edge__unlocked,galaxy s 25 edge,,,,,unlocked,c,Samsung Master,100.00,140.00,112.00,123.20,"{""c"":100.0,""d"":35.0,""doa"":115.0}","{""google_locked"":{""kind"":""flat_usd"",""value"":50.0},""kg_active"":{""kind"":""manual"",""reason"":""parts""},""lcd_burn"":{""kind"":""manual"",""reason"":""ask""},""missing_parts"":{""kind"":""manual"",""reason"":""ask""}}",galaxy s 25 edge|galaxy s 25 edge unlocked|s 25 edge,Samsung sheet uses condition columns with some ASK / not buying gaps.
samsung,samsung,galaxy_s_25_fe__carrier_locked,galaxy s 25 fe,,,,,carrier_locked,b,Samsung Master,80.00,112.00,89.60,98.56,"{""a"":100.0,""b"":80.0,""c"":40.0,""d"":25.0,""doa"":5.0,""new"":130.0}","{""google_locked"":{""kind"":""flat_usd"",""value"":50.0},""kg_active"":{""kind"":""manual"",""reason"":""parts""},""lcd_burn"":{""kind"":""manual"",""reason"":""ask""},""missing_parts"":{""kind"":""manual"",""reason"":""ask""}}",galaxy s 25 fe|galaxy s 25 fe carrier locked|galaxy s 25 fe locked|s 25 fe,Samsung sheet uses condition columns with some ASK / not buying gaps.
samsung,samsung,galaxy_s_25_fe__unlocked,galaxy s 25 fe,,,,,unlocked,c,Samsung Master,40.00,56.00,44.80,49.28,"{""c"":40.0,""d"":25.0,""doa"":5.0}","{""google_locked"":{""kind"":""flat_usd"",""value"":50.0},""kg_active"":{""kind"":""manual"",""reason"":""parts""},""lcd_burn"":{""kind"":""manual"",""reason"":""ask""},""missing_parts"":{""kind"":""manual"",""reason"":""ask""}}",galaxy s 25 fe|galaxy s 25 fe unlocked|s 25 fe,Samsung sheet uses condition columns with some ASK / not buying gaps.
samsung,samsung,galaxy_s_25_plus__carrier_locked,galaxy s 25 plus,,,,,carrier_locked,b,Samsung Master,240.00,336.00,268.80,295.68,"{""a"":260.0,""b"":240.0,""c"":170.0,""d"":120.0,""doa"":44.0,""new"":290.0}","{""google_locked"":{""kind"":""flat_usd"",""value"":50.0},""kg_active"":{""kind"":""manual"",""reason"":""parts""},""lcd_burn"":{""kind"":""manual"",""reason"":""ask""},""missing_parts"":{""kind"":""manual"",""reason"":""ask""}}",galaxy s 25 plus|galaxy s 25 plus carrier locked|galaxy s 25 plus locked|s 25 plus,Samsung sheet uses condition columns with some ASK / not buying gaps.
samsung,samsung,galaxy_s_25_plus__unlocked,galaxy s 25 plus,,,,,unlocked,c,Samsung Master,145.00,203.00,162.40,178.64,"{""c"":145.0,""d"":100.0,""doa"":8.0}","{""google_locked"":{""kind"":""flat_usd"",""value"":50.0},""kg_active"":{""kind"":""manual"",""reason"":""parts""},""lcd_burn"":{""kind"":""manual"",""reason"":""ask""},""missing_parts"":{""kind"":""manual"",""reason"":""ask""}}",galaxy s 25 plus|galaxy s 25 plus unlocked|s 25 plus,Samsung sheet uses condition columns with some ASK / not buying gaps.
samsung,samsung,galaxy_s_25_ultra__carrier_locked,galaxy s 25 ultra,,,,,carrier_locked,b,Samsung Master,380.00,532.00,425.60,468.16,"{""a"":400.0,""b"":380.0,""c"":285.0,""d"":200.0,""doa"":99.0,""new"":430.0}","{""google_locked"":{""kind"":""flat_usd"",""value"":50.0},""kg_active"":{""kind"":""manual"",""reason"":""parts""},""lcd_burn"":{""kind"":""manual"",""reason"":""ask""},""missing_parts"":{""kind"":""manual"",""reason"":""ask""}}",galaxy s 25 ultra|galaxy s 25 ultra carrier locked|galaxy s 25 ultra locked|s 25 ultra,Samsung sheet uses condition columns with some ASK / not buying gaps.
samsung,samsung,galaxy_s_25_ultra__unlocked,galaxy s 25 ultra,,,,,unlocked,c,Samsung Master,285.00,399.00,319.20,351.12,"{""c"":285.0,""d"":190.0}","{""google_locked"":{""kind"":""flat_usd"",""value"":50.0},""kg_active"":{""kind"":""manual"",""reason"":""parts""},""lcd_burn"":{""kind"":""manual"",""reason"":""ask""},""missing_parts"":{""kind"":""manual"",""reason"":""ask""}}",galaxy s 25 ultra|galaxy s 25 ultra unlocked|s 25 ultra,Samsung sheet uses condition columns with some ASK / not buying gaps.
samsung,samsung,galaxy_s_26__carrier_locked,galaxy s 26,,,,,carrier_locked,b,Samsung Master,220.00,308.00,246.40,271.04,"{""a"":235.0,""b"":220.0,""c"":170.0,""d"":110.0,""doa"":55.0,""new"":280.0}","{""google_locked"":{""kind"":""flat_usd"",""value"":50.0},""kg_active"":{""kind"":""manual"",""reason"":""parts""},""lcd_burn"":{""kind"":""manual"",""reason"":""ask""},""missing_parts"":{""kind"":""manual"",""reason"":""ask""}}",galaxy s 26|galaxy s 26 carrier locked|galaxy s 26 locked,Samsung sheet uses condition columns with some ASK / not buying gaps.
samsung,samsung,galaxy_s_26_plus__carrier_locked,galaxy s 26 plus,,,,,carrier_locked,b,Samsung Master,295.00,413.00,330.40,363.44,"{""a"":310.0,""b"":295.0,""c"":235.0,""d"":155.0,""doa"":75.0,""new"":345.0}","{""google_locked"":{""kind"":""flat_usd"",""value"":50.0},""kg_active"":{""kind"":""manual"",""reason"":""parts""},""lcd_burn"":{""kind"":""manual"",""reason"":""ask""},""missing_parts"":{""kind"":""manual"",""reason"":""ask""}}",galaxy s 26 plus|galaxy s 26 plus carrier locked|galaxy s 26 plus locked|s 26 plus,Samsung sheet uses condition columns with some ASK / not buying gaps.
samsung,samsung,galaxy_s_26_ultra__carrier_locked,galaxy s 26 ultra,,,,,carrier_locked,b,Samsung Master,540.00,756.00,604.80,665.28,"{""a"":565.0,""b"":540.0,""c"":450.0,""d"":305.0,""doa"":150.0,""new"":610.0}","{""google_locked"":{""kind"":""flat_usd"",""value"":50.0},""kg_active"":{""kind"":""manual"",""reason"":""parts""},""lcd_burn"":{""kind"":""manual"",""reason"":""ask""},""missing_parts"":{""kind"":""manual"",""reason"":""ask""}}",galaxy s 26 ultra|galaxy s 26 ultra carrier locked|galaxy s 26 ultra locked|s 26 ultra,Samsung sheet uses condition columns with some ASK / not buying gaps.
samsung,samsung,galaxy_z_flip_3__carrier_locked,galaxy z flip 3,,,,,carrier_locked,b,Samsung Master,25.00,35.00,28.00,30.80,"{""a"":35.0,""b"":25.0,""c"":10.0,""d"":5.0,""doa"":2.0}","{""google_locked"":{""kind"":""flat_usd"",""value"":50.0},""kg_active"":{""kind"":""manual"",""reason"":""parts""},""lcd_burn"":{""kind"":""manual"",""reason"":""ask""},""missing_parts"":{""kind"":""manual"",""reason"":""ask""}}",galaxy z flip 3|galaxy z flip 3 carrier locked|galaxy z flip 3 locked|z flip 3,Samsung sheet uses condition columns with some ASK / not buying gaps.
samsung,samsung,galaxy_z_flip_3__unlocked,galaxy z flip 3,,,,,unlocked,b,Samsung Master,60.00,84.00,67.20,73.92,"{""a"":70.0,""b"":60.0,""doa"":2.0,""new"":130.0}","{""google_locked"":{""kind"":""flat_usd"",""value"":50.0},""kg_active"":{""kind"":""manual"",""reason"":""parts""},""lcd_burn"":{""kind"":""manual"",""reason"":""ask""},""missing_parts"":{""kind"":""manual"",""reason"":""ask""}}",galaxy z flip 3|galaxy z flip 3 unlocked|z flip 3,Samsung sheet uses condition columns with some ASK / not buying gaps.
samsung,samsung,galaxy_z_flip_4__carrier_locked,galaxy z flip 4,,,,,carrier_locked,b,Samsung Master,60.00,84.00,67.20,73.92,"{""a"":80.0,""b"":60.0,""c"":40.0,""d"":10.0,""doa"":2.5}","{""google_locked"":{""kind"":""flat_usd"",""value"":50.0},""kg_active"":{""kind"":""manual"",""reason"":""parts""},""lcd_burn"":{""kind"":""manual"",""reason"":""ask""},""missing_parts"":{""kind"":""manual"",""reason"":""ask""}}",galaxy z flip 4|galaxy z flip 4 carrier locked|galaxy z flip 4 locked|z flip 4,Samsung sheet uses condition columns with some ASK / not buying gaps.
samsung,samsung,galaxy_z_flip_4__unlocked,galaxy z flip 4,,,,,unlocked,b,Samsung Master,130.00,182.00,145.60,160.16,"{""a"":150.0,""b"":130.0,""c"":55.0,""d"":10.0,""doa"":2.5,""new"":230.0}","{""google_locked"":{""kind"":""flat_usd"",""value"":50.0},""kg_active"":{""kind"":""manual"",""reason"":""parts""},""lcd_burn"":{""kind"":""manual"",""reason"":""ask""},""missing_parts"":{""kind"":""manual"",""reason"":""ask""}}",galaxy z flip 4|galaxy z flip 4 unlocked|z flip 4,Samsung sheet uses condition columns with some ASK / not buying gaps.
samsung,samsung,galaxy_z_flip_5__carrier_locked,galaxy z flip 5,,,,,carrier_locked,b,Samsung Master,50.00,70.00,56.00,61.60,"{""a"":70.0,""b"":50.0,""c"":30.0,""d"":10.0,""doa"":4.0,""new"":100.0}","{""google_locked"":{""kind"":""flat_usd"",""value"":50.0},""kg_active"":{""kind"":""manual"",""reason"":""parts""},""lcd_burn"":{""kind"":""manual"",""reason"":""ask""},""missing_parts"":{""kind"":""manual"",""reason"":""ask""}}",galaxy z flip 5|galaxy z flip 5 carrier locked|galaxy z flip 5 locked|z flip 5,Samsung sheet uses condition columns with some ASK / not buying gaps.
samsung,samsung,galaxy_z_flip_5__unlocked,galaxy z flip 5,,,,,unlocked,b,Samsung Master,240.00,336.00,268.80,295.68,"{""a"":250.0,""b"":240.0,""c"":35.0,""d"":10.0,""doa"":4.0,""new"":320.0}","{""google_locked"":{""kind"":""flat_usd"",""value"":50.0},""kg_active"":{""kind"":""manual"",""reason"":""parts""},""lcd_burn"":{""kind"":""manual"",""reason"":""ask""},""missing_parts"":{""kind"":""manual"",""reason"":""ask""}}",galaxy z flip 5|galaxy z flip 5 unlocked|z flip 5,Samsung sheet uses condition columns with some ASK / not buying gaps.
samsung,samsung,galaxy_z_flip_6__carrier_locked,galaxy z flip 6,,,,,carrier_locked,b,Samsung Master,90.00,126.00,100.80,110.88,"{""a"":95.0,""b"":90.0,""c"":50.0,""d"":25.0,""doa"":9.0,""new"":145.0}","{""google_locked"":{""kind"":""flat_usd"",""value"":50.0},""kg_active"":{""kind"":""manual"",""reason"":""parts""},""lcd_burn"":{""kind"":""manual"",""reason"":""ask""},""missing_parts"":{""kind"":""manual"",""reason"":""ask""}}",galaxy z flip 6|galaxy z flip 6 carrier locked|galaxy z flip 6 locked|z flip 6,Samsung sheet uses condition columns with some ASK / not buying gaps.
samsung,samsung,galaxy_z_flip_6__unlocked,galaxy z flip 6,,,,,unlocked,b,Samsung Master,290.00,406.00,324.80,357.28,"{""a"":300.0,""b"":290.0,""c"":40.0,""d"":30.0,""doa"":9.0,""new"":400.0}","{""google_locked"":{""kind"":""flat_usd"",""value"":50.0},""kg_active"":{""kind"":""manual"",""reason"":""parts""},""lcd_burn"":{""kind"":""manual"",""reason"":""ask""},""missing_parts"":{""kind"":""manual"",""reason"":""ask""}}",galaxy z flip 6|galaxy z flip 6 unlocked|z flip 6,Samsung sheet uses condition columns with some ASK / not buying gaps.
samsung,samsung,galaxy_z_flip_7__carrier_locked,galaxy z flip 7,,,,,carrier_locked,b,Samsung Master,140.00,196.00,156.80,172.48,"{""a"":175.0,""b"":140.0,""c"":75.0,""d"":10.0,""doa"":8.0,""new"":220.0}","{""google_locked"":{""kind"":""flat_usd"",""value"":50.0},""kg_active"":{""kind"":""manual"",""reason"":""parts""},""lcd_burn"":{""kind"":""manual"",""reason"":""ask""},""missing_parts"":{""kind"":""manual"",""reason"":""ask""}}",galaxy z flip 7|galaxy z flip 7 carrier locked|galaxy z flip 7 locked|z flip 7,Samsung sheet uses condition columns with some ASK / not buying gaps.
samsung,samsung,galaxy_z_flip_7__unlocked,galaxy z flip 7,,,,,unlocked,c,Samsung Master,55.00,77.00,61.60,67.76,"{""c"":55.0,""d"":40.0}","{""google_locked"":{""kind"":""flat_usd"",""value"":50.0},""kg_active"":{""kind"":""manual"",""reason"":""parts""},""lcd_burn"":{""kind"":""manual"",""reason"":""ask""},""missing_parts"":{""kind"":""manual"",""reason"":""ask""}}",galaxy z flip 7|galaxy z flip 7 unlocked|z flip 7,Samsung sheet uses condition columns with some ASK / not buying gaps.
samsung,samsung,galaxy_z_fold_3__carrier_locked,galaxy z fold 3,,,,,carrier_locked,b,Samsung Master,120.00,168.00,134.40,147.84,"{""a"":130.0,""b"":120.0,""c"":65.0,""d"":25.0,""doa"":12.5}","{""google_locked"":{""kind"":""flat_usd"",""value"":50.0},""kg_active"":{""kind"":""manual"",""reason"":""parts""},""lcd_burn"":{""kind"":""manual"",""reason"":""ask""},""missing_parts"":{""kind"":""manual"",""reason"":""ask""}}",galaxy z fold 3|galaxy z fold 3 carrier locked|galaxy z fold 3 locked|z fold 3,Samsung sheet uses condition columns with some ASK / not buying gaps. | DEDUCTIONS PLEASE ASK
samsung,samsung,galaxy_z_fold_3__unlocked,galaxy z fold 3,,,,,unlocked,b,Samsung Master,200.00,280.00,224.00,246.40,"{""a"":210.0,""b"":200.0,""doa"":12.5,""new"":270.0}","{""google_locked"":{""kind"":""flat_usd"",""value"":50.0},""kg_active"":{""kind"":""manual"",""reason"":""parts""},""lcd_burn"":{""kind"":""manual"",""reason"":""ask""},""missing_parts"":{""kind"":""manual"",""reason"":""ask""}}",galaxy z fold 3|galaxy z fold 3 unlocked|z fold 3,Samsung sheet uses condition columns with some ASK / not buying gaps. | DEDUCTIONS PLEASE ASK
samsung,samsung,galaxy_z_fold_4__carrier_locked,galaxy z fold 4,,,,,carrier_locked,b,Samsung Master,150.00,210.00,168.00,184.80,"{""a"":180.0,""b"":150.0,""c"":85.0,""d"":25.0,""doa"":11.5}","{""google_locked"":{""kind"":""flat_usd"",""value"":50.0},""kg_active"":{""kind"":""manual"",""reason"":""parts""},""lcd_burn"":{""kind"":""manual"",""reason"":""ask""},""missing_parts"":{""kind"":""manual"",""reason"":""ask""}}",galaxy z fold 4|galaxy z fold 4 carrier locked|galaxy z fold 4 locked|z fold 4,Samsung sheet uses condition columns with some ASK / not buying gaps.
samsung,samsung,galaxy_z_fold_4__unlocked,galaxy z fold 4,,,,,unlocked,b,Samsung Master,290.00,406.00,324.80,357.28,"{""a"":300.0,""b"":290.0,""c"":70.0,""d"":30.0,""doa"":11.5,""new"":400.0}","{""google_locked"":{""kind"":""flat_usd"",""value"":50.0},""kg_active"":{""kind"":""manual"",""reason"":""parts""},""lcd_burn"":{""kind"":""manual"",""reason"":""ask""},""missing_parts"":{""kind"":""manual"",""reason"":""ask""}}",galaxy z fold 4|galaxy z fold 4 unlocked|z fold 4,Samsung sheet uses condition columns with some ASK / not buying gaps.
samsung,samsung,galaxy_z_fold_5__carrier_locked,galaxy z fold 5,,,,,carrier_locked,b,Samsung Master,185.00,259.00,207.20,227.92,"{""a"":200.0,""b"":185.0,""c"":100.0,""d"":25.0,""doa"":9.5,""new"":250.0}","{""google_locked"":{""kind"":""flat_usd"",""value"":50.0},""kg_active"":{""kind"":""manual"",""reason"":""parts""},""lcd_burn"":{""kind"":""manual"",""reason"":""ask""},""missing_parts"":{""kind"":""manual"",""reason"":""ask""}}",galaxy z fold 5|galaxy z fold 5 carrier locked|galaxy z fold 5 locked|z fold 5,Samsung sheet uses condition columns with some ASK / not buying gaps.
samsung,samsung,galaxy_z_fold_5__unlocked,galaxy z fold 5,,,,,unlocked,b,Samsung Master,390.00,546.00,436.80,480.48,"{""a"":400.0,""b"":390.0,""c"":100.0,""d"":30.0,""doa"":9.5,""new"":500.0}","{""google_locked"":{""kind"":""flat_usd"",""value"":50.0},""kg_active"":{""kind"":""manual"",""reason"":""parts""},""lcd_burn"":{""kind"":""manual"",""reason"":""ask""},""missing_parts"":{""kind"":""manual"",""reason"":""ask""}}",galaxy z fold 5|galaxy z fold 5 unlocked|z fold 5,Samsung sheet uses condition columns with some ASK / not buying gaps.
samsung,samsung,galaxy_z_fold_6__carrier_locked,galaxy z fold 6,,,,,carrier_locked,b,Samsung Master,285.00,399.00,319.20,351.12,"{""a"":325.0,""b"":285.0,""c"":175.0,""d"":5.0,""doa"":19.0,""new"":425.0}","{""google_locked"":{""kind"":""flat_usd"",""value"":50.0},""kg_active"":{""kind"":""manual"",""reason"":""parts""},""lcd_burn"":{""kind"":""manual"",""reason"":""ask""},""missing_parts"":{""kind"":""manual"",""reason"":""ask""}}",galaxy z fold 6|galaxy z fold 6 carrier locked|galaxy z fold 6 locked|z fold 6,Samsung sheet uses condition columns with some ASK / not buying gaps.
samsung,samsung,galaxy_z_fold_6__unlocked,galaxy z fold 6,,,,,unlocked,b,Samsung Master,680.00,952.00,761.60,837.76,"{""a"":700.0,""b"":680.0,""c"":160.0,""d"":40.0,""doa"":19.0,""new"":800.0}","{""google_locked"":{""kind"":""flat_usd"",""value"":50.0},""kg_active"":{""kind"":""manual"",""reason"":""parts""},""lcd_burn"":{""kind"":""manual"",""reason"":""ask""},""missing_parts"":{""kind"":""manual"",""reason"":""ask""}}",galaxy z fold 6|galaxy z fold 6 unlocked|z fold 6,Samsung sheet uses condition columns with some ASK / not buying gaps.
samsung,samsung,galaxy_z_fold_7__carrier_locked,galaxy z fold 7,,,,,carrier_locked,b,Samsung Master,600.00,840.00,672.00,739.20,"{""a"":675.0,""b"":600.0,""c"":480.0,""d"":320.0,""doa"":114.0,""new"":755.0}","{""google_locked"":{""kind"":""flat_usd"",""value"":50.0},""kg_active"":{""kind"":""manual"",""reason"":""parts""},""lcd_burn"":{""kind"":""manual"",""reason"":""ask""},""missing_parts"":{""kind"":""manual"",""reason"":""ask""}}",galaxy z fold 7|galaxy z fold 7 carrier locked|galaxy z fold 7 locked|z fold 7,Samsung sheet uses condition columns with some ASK / not buying gaps.
samsung,samsung,galaxy_z_fold_7__unlocked,galaxy z fold 7,,,,,unlocked,c,Samsung Master,430.00,602.00,481.60,529.76,"{""c"":430.0,""d"":370.0,""doa"":114.0}","{""google_locked"":{""kind"":""flat_usd"",""value"":50.0},""kg_active"":{""kind"":""manual"",""reason"":""parts""},""lcd_burn"":{""kind"":""manual"",""reason"":""ask""},""missing_parts"":{""kind"":""manual"",""reason"":""ask""}}",galaxy z fold 7|galaxy z fold 7 unlocked|z fold 7,Samsung sheet uses condition columns with some ASK / not buying gaps.
